TS,NDVI lowess MODIS,NDVI lowess S2,NDVI lowess L8,NDVI lowess NSRS_1,NDVI lowess NSRS_2,NDVI lowess NSRS_3,NDVI lowess NSRS_1_B,NDVI lowess NSRS_2_B,NDVI lowess NSRS_3_B,TEMP IMS,RAINFALL[mm] 121702 IMS,RAINFALL[mm] 121710 IMS
1546300800,0.6868180133619157,0.7429747914298876,0.67,,,,,,,,,
1546560000,,,,,,,,,,,,
1546992000,0.6867828004587172,,,,,,,,,,,
1547078400,0.686760843531201,,0.724,,,,,,,,,
1547164800,,,,,,,,,,,,
1547251200,0.6867042086263939,,,,,,,,,,,
1547337600,,,,,,,,,,,,
1547510400,0.6865854609172206,,,,,,,,,,,
1547769600,,,,,,,,,,,,
1548028800,,0.6718288683982753,,,,,,,,,,
1548115200,,,,,,,,,,,,
1548201600,0.686045121869628,,,,,,,,,,,
1548288000,0.6859526478531318,,,,,,,,,,,
1548374400,,,,,,,,,,,,
1548460800,,0.6806291885797048,0.657,,,,,,,,,
1548460800,,0.6806291885797048,0.636,,,,,,,,,
1548547200,,,,,,,,,,,,
1548806400,0.6852742071417744,,,,,,,,,,,
1548892800,,0.691530157200116,,,,,,,,,,
1549065600,0.6848547550048486,,0.705,,,,,,,,,
1549152000,0.684703457937491,,,,,,,,,,,
1549238400,0.6845466237701728,,,,,,,,,,,
1549324800,,0.7026769832571191,,,,,,,,,,
1549584000,,,,,,,,,,,,
1549670400,,,,,,,,,,,,
1549843200,,,,,,,,,,,,
1550016000,0.6829063633525836,,,,,,,,,,,
1550361600,0.6820651235645372,,,,,,,,,,,
1550534400,,,,,,,,,,,,
1550707200,,,,,,,,,,,,
1550793600,,,,,,,,,,,,
1550880000,,,,,,,,,,,,
1550966400,,,,,,,,,,,,
1551052800,,,,,,,,,,,,
1551139200,,,,,,,,,,,,
1551225600,,,,,,,,,,,,
1551657600,,,,,,,,,,,,
1551744000,,,,,,,,,,,,
1551830400,,,0.679,,,,,,,,,
1551916800,0.6782720711745992,,,,,,,,,,,
1552003200,0.6781288815328493,,,,,,,,,,,
1552089600,,,,,,,,,,,,
1552176000,,,,,,,,,,,,
1552348800,,,,,,,,,,,,
1552608000,,,,,,,,,,,,
1552780800,,,,,,,,,,,,
1552867200,0.6738274481578161,,,,,,,,,,,
1552953600,0.6731294022232828,,,,,,,,,,,
1553040000,0.6725982174982338,,,,,,,,,,,
1553126400,,,,,,,,,,,,
1553212800,,,0.637,,,,,,,,,
1553558400,0.6656353836341947,,,,,,,,,,,
1553644800,,,,,,,,,,,,
1553731200,0.6632859176265408,,,,,,,,,,,
1553904000,0.661152689522614,,,,,,,,,,,
1554163200,0.6569995830404766,,,,,,,,,,,
1554249600,0.6558093935564921,,,,,,,,,,,
1554336000,0.6544970556471403,,,,,,,,,,,
1554681600,,,,,,,,,,,,
1554768000,0.638083292931941,,,,,,,,,,,
1554854400,,,,,,,,,,,,
1554940800,0.630193720201682,0.6916396616471145,,,,,,,,,,
1555027200,,,,,,,,,,,,
1555113600,,,,,,,,,,,,
1555459200,,,,,,,,,,,,
1555545600,,,,,,,,,,,,
1555632000,,,,,,,,,,,,
1555718400,,,,,,,,,,,,
1555891200,,,,,,,,,,,,
1555977600,,,0.652,,,,,,,,,
1556064000,,,,,,,,,,,,
1556236800,,,,,,,,,,,,
1556323200,,,,,,,,,,,,
1556409600,0.5679659430711939,,,,,,,,,,,
1556496000,,,,,,,,,,,,
1556582400,,,,,,,,,,,,
1556668800,,,,,,,,,,,,
1556841600,,,,,,,,,,,,
1556928000,0.5485826436168213,,,,,,,,,,,
1557014400,,,,,,,,,,,,
1557100800,,,,,,,,,,,,
1557273600,,,,,,,,,,,,
1557446400,,,,,,,,,,,,
1557532800,0.5294579724648822,,,,,,,,,,,
1557619200,,,,,,,,,,,,
1557705600,,,,,,,,,,,,
1557792000,0.521714440996201,,,,,,,,,,,
1557878400,,,,,,,,,,,,
1557964800,,,,,,,,,,,,
1558051200,,,,,,,,,,,,
1558137600,,,0.557,,,,,,,,,
1558137600,,,0.548,,,,,,,,,
1558224000,,,,,,,,,,,,
1558310400,,,,,,,,,,,,
1558396800,,,,,,,,,,,,
1558483200,,,,,,,,,,,,
1558569600,0.49765858376015226,,,,,,,,,,,
1558828800,,,,,,,,,,,,
1558915200,,,,,,,,,,,,
1559001600,0.4848689615837785,,,,,,,,,,,
1559088000,,,,,,,,,,,,
1559174400,,,,,,,,,,,,
1559260800,,,,,,,,,,,,
1559347200,,,,,,,,,,,,
1559433600,,,,,,,,,,,,
1559520000,,,0.511,,,,,,,,,
1559520000,,,0.504,,,,,,,,,
1559606400,,,,,,,,,,,,
1559692800,,,,,,,,,,,,
1559865600,,,,,,,,,,,,
1560038400,0.45317911963878516,,,,,,,,,,,
1560124800,,,,,,,,,,,,
1560211200,,,,,,,,,,,,
1560297600,0.44857718503446753,,,,,,,,,,,
1560384000,,,,,,,,,,,,
1560470400,0.44593765117297357,,,,,,,,,,,
1560556800,,,,,,,,,,,,
1560643200,,,,,,,,,,,,
1560729600,,,,,,,,,,,,
1560816000,,,,,,,,,,,,
1560902400,,,0.508,,,,,,,,,
1560902400,,,0.51,,,,,,,,,
1560988800,,0.42754681704398106,,,,,,,,,,
1561248000,,,,,,,,,,,,
1561334400,,,,,,,,,,,,
1561420800,,,,,,,,,,,,
1561507200,,,0.5,,,,,,,,,
1561593600,,,,,,,,,,,,
1561680000,,,,,,,,,,,,
1561852800,,,,,,,,,,,,
1562025600,,,,,,,,,,,,
1562112000,,,,,,,,,,,,
1562198400,,,,,,,,,,,,
1562284800,,,,,,,,,,,,
1562371200,0.4057669479833228,,,,,,,,,,,
1562544000,,,,,,,,,,,,
1562630400,,,,,,,,,,,,
1562716800,,,,,,,,,,,,
1562803200,0.39927044184729094,,,,,,,,,,,
1562889600,,,0.458,,,,,,,,,
1563062400,,,,,,,,,,,,
1563148800,,,,,,,,,,,,
1563235200,,,,,,,,,,,,
1563321600,0.3957125488635324,,,,,,,,,,,
1563494400,,,,,,,,,,,,
1563667200,,,0.506,,,,,,,,,
1563667200,,,0.506,,,,,,,,,
1563753600,0.39199144459234914,,,,,,,,,,,
1563840000,,,,,,,,,,,,
1563926400,,,,,,,,,,,,
1564012800,,,,,,,,,,,,
1564099200,,,,,,,,,,,,
1564185600,,,,,,,,,,,,
1564272000,,,0.464,,,,,,,,,
1564358400,,,,,,,,,,,,
1564444800,,,,,,,,,,,,
1564531200,,,,,,,,,,,,
1564617600,,,,,,,,,,,,
1564876800,,0.45299999999999935,,,,,,,,,,
1565049600,,,0.48,,,,,,,,,
1565049600,,,0.477,,,,,,,,,
1565136000,,,,,,,,,,,,
1565222400,,,,,,,,,,,,
1565654400,,,0.457,,,,,,,,,
1565740800,0.3848971669626306,,,,,,,,,,,
1565913600,,,,,,,,,,,,
1566172800,,0.4439999999999714,,,,,,,,,,
1566259200,,,,,,,,,,,,
1566345600,,,,,,,,,,,,
1566432000,,,0.484,,,,,,,,,
1566432000,,,0.477,,,,,,,,,
1566518400,,,,,,,,,,,,
1566604800,,,,,,,,,,,,
1566777600,,,,,,,,,,,,
1566864000,0.38579748854419954,,,,,,,,,,,
1566950400,,,,,,,,,,,,
1567123200,0.38686782675001546,,,,,,,,,,,
1567209600,,,,,,,,,,,,
1567296000,,,,,,,,,,30.6,,
1567382400,,,,,,,,,,30.4,,
1567468800,,0.44025000000005043,,,,,,,,29.9,,
1567555200,0.38955569608184515,,,,,,,,,29.6,,
1567641600,,,,,,,,,,29.9,,
1567728000,,,,,,,,,,29.4,,
1567814400,,,,,,,,,,29.4,,
1567900800,,,,,,,,,,29.4,,
1567987200,,,,,,,,,,29.4,,
1568073600,0.3912227139855849,,,,,,,,,29.3,,
1568160000,,,,,,,,,,29.4,,
1568246400,,,,,,,,,,29.5,,
1568332800,,0.43774999999999975,,,,,,,,29.2,,
1568419200,,,,,,,,,,29.1,,
1568505600,,,,,,,,,,27.9,1.7,0.5
1568592000,,,,,,,,,,29.5,,
1568678400,,,,,,,,,,30.0,,
1568764800,,,,,,,,,,31.0,,
1568851200,,,,,,,,,,30.8,,
1568937600,,,,,,,,,,29.3,,
1569024000,,,,,,,,,,27.6,,
1569110400,,,,,,,,,,28.9,,
1569196800,,,0.501,,,,,,,29.2,,
1569196800,,,0.5,,,,,,,29.2,,
1569283200,,,,,,,,,,28.2,,
1569369600,,,,,,,,,,28.1,,
1569456000,,,,,,,,,,28.5,,
1569542400,,,,,,,,,,29.4,,
1569628800,,0.43399999999997907,,,,,,,,28.2,,
1569715200,,,,,,,,,,28.2,,
1569801600,,,0.468,,,,,,,28.3,,
1569888000,0.41677620346141037,,,,,,,,,28.3,,
1569974400,0.41934396293174714,,,,,,,,,28.3,,
1570060800,,,,,,,,,,27.7,,
1570147200,,,,,,,,,,27.5,,
1570233600,,,,,,,,,,27.6,,
1570320000,,,,,,,,,,27.5,,
1570406400,,,,0.2875992231550077,0.48451711553155785,0.4685295684813775,,,,27.8,,
1570492800,,,,0.2899893187095993,0.48760429661948457,0.46672005165833325,,,,28.7,,
1570579200,,,0.49,0.29234053829753026,0.4906729507427784,0.464946025712708,,,,27.7,,
1570579200,,,0.497,0.29234053829753026,0.4906729507427784,0.464946025712708,,,,27.7,,
1570665600,,,,0.29464653851099953,0.4937191485989463,0.4632147058174876,,,,28.5,,
1570752000,,,,0.2969020453695609,0.4967387829609635,0.4615332583738702,,,,27.6,,
1570838400,,,,0.29910386056357907,0.49972877747410627,0.45990838245018134,,,,27.7,,
1570924800,0.44546314643439355,,,0.301251736171849,0.5026879390039571,0.4583460210226014,,,,29.8,,
1571011200,,,,0.3033491971851401,0.505617875196564,0.456851567319152,,,,37.3,,
1571097600,,,,0.3054048544496935,0.5085237562484785,0.45542821657852445,,,,39.2,,
1571184000,,,0.484,0.3074318864074475,0.5114139539424507,0.4540749637385628,,,,29.3,,
1571270400,0.4520695731290085,,,0.30944624017151795,0.5142987268497103,0.45278541283418505,,,,28.4,,
1571356800,,,,0.31146667829814817,0.5171915740681254,0.45154649074048164,,,,27.2,,
1571443200,0.4552237377227098,,,0.31351576152636274,0.5201110892223908,0.45033522929655695,,,,27.1,,
1571529600,,,,0.315618307205409,0.5230835698081794,0.449116368858816,,,,26.9,,
1571616000,,,,0.3177583683952431,0.5261472404877127,0.44786882803360717,,,,26.9,,
1571702400,,,,0.31897924998043325,0.5293325266647755,0.4478487326210968,,,,29.7,,
1571788800,,,,0.31979885238538347,0.5320106624118582,0.44815027437451166,,,,27.9,,
1571875200,,,,0.3201837790699372,0.5344493801417209,0.448764899972859,,,,25.2,,
1571961600,,,,0.32011581736120326,0.5365764838662429,0.4496308430397185,,,,26.9,,
1572048000,,,,0.3196177842958336,0.5383547137992205,0.4506671799191882,,,,24.9,,
1572134400,,,,0.31877488505586715,0.5397941458345322,0.45181609301678644,,,,27.6,2.1,1.5
1572220800,,,,0.31770075156320327,0.5409463896846896,0.45304403073944216,,,,24.5,2.3,10.0
1572307200,,,,0.3165056337526968,,0.4543241071647133,,,,24.2,5.6,6.0
1572393600,,,,0.31525025348662095,0.54269948990986,0.4556178573442253,,,,24.8,,
1572480000,,,,0.3139481003064783,0.543443787923413,0.45686658392975993,,,,26.2,,
1572566400,,,,0.3126089682422347,0.5441623254252875,0.4580140969659551,,,,24.2,,
1572652800,,,,0.3112627252086644,,0.4590115700584436,,,,24.0,5.8,9.3
1572739200,,,,0.3099176393010203,0.5454477356317667,0.4598079198471124,,,,26.5,,
1572825600,,,,0.30853779681678495,0.545901007466932,0.4603565162915416,,,,28.9,,
1572912000,,,,0.3070494634665119,0.5461232990126166,0.4606120588515754,,,,30.8,,
1572998400,,,,0.3054071348540626,0.5460087894997168,0.46053904278469776,,,,30.3,,
1573084800,,,,0.3036065841838583,0.5454854985200056,0.46012037280132373,,,,30.3,,
1573171200,,,,0.30164714066742027,0.544544630947369,0.45935510815145997,,,,30.5,,
1573257600,,,,0.2995889375694142,0.5432301678674464,0.4582757613453818,,,,30.1,,
1573344000,,,0.521,0.2975152583196192,0.5416359800334999,0.4569350969596547,,,,30.8,,
1573430400,,,,0.29548027646326747,0.5398700610079507,0.455373926278507,,,,30.6,,
1573516800,,,,0.29354372452736577,0.5380214799377732,0.45366117706884956,,,,29.1,,
1573603200,0.5028112179607679,,,0.2916747905133328,0.5361522511974846,0.4518746639202303,,,,29.2,,
1573689600,,,,0.2898303561063666,0.5342803360151664,0.45009992343713706,,,,30.9,,
1573776000,,,,0.2880211255406029,0.5323668999872523,0.44841187842603397,,,,25.1,0.1,
1573862400,,,,0.28626203955589846,0.5305030783605663,0.4468525635292243,,,,25.4,,
1573948800,,,0.465,0.2845400770530827,0.5286968729275179,0.4454396754980278,,,,23.9,,
1574035200,,,,0.2828265446884468,0.526956724554686,0.44419696088926736,,,,21.8,,
1574121600,0.5139471949796695,,,0.28115181394877337,0.5252966871279405,0.44314809407551903,,,,22.2,,
1574208000,,,,0.2795896649747175,0.5237459933803252,0.4423068771819441,,,,22.9,,
1574294400,,,,0.27818627197078866,0.5223260893871183,0.4416827695172112,,,,24.2,,
1574380800,,,,0.2769639207808507,0.5210589341966892,0.4412835019319594,,,,23.2,,
1574467200,,,,0.27597647498102484,0.5199864699935185,0.4411082730038485,,,,21.3,,
1574553600,,,,0.2752674054625249,0.51914514359554,0.4411577701567127,,,,22.8,,
1574640000,,,,0.27485296567349116,0.5185500790287233,0.4414228706234743,,,,24.0,,
1574726400,,,0.469,0.274769349946951,0.5182230353736815,0.4418792618185529,,,,26.2,,
1574726400,,,0.453,0.274769349946951,0.5182230353736815,0.4418792618185529,,,,26.2,,
1574812800,,,,0.27506683584967984,0.518190393929318,0.4425031159573371,,,,21.5,,
1574899200,,,,0.2758162468845401,0.5184615550933256,0.44327471443615685,,,,22.0,,
1574985600,,,,0.2770566062417358,0.5190228657685066,0.4441746797078985,,,,22.1,,
1575072000,,,,0.27875181052427284,0.5198563394367939,0.44520034683075005,,,,22.5,,
1575158400,,,,0.280779909318201,0.5209173855755264,0.4463450523182425,,,,21.9,5.4,4.0
1575244800,,,,0.2830243965336865,0.5221611064595074,0.44759773691435184,,,,20.5,,
1575331200,,,,0.2853701307064412,0.5235000331877449,0.44896412499444,,,,19.6,,
1575417600,,,,0.28774564850796125,0.5248332498679792,0.45047188817012696,,,,21.1,,
1575504000,,,,0.29012854526934445,0.5260724053674324,0.45215461301856574,,,,19.3,1.8,3.2
1575590400,,,,0.2925295443992167,0.5271661554768778,0.454025322529927,,,,19.1,,
1575676800,,,,0.29497984039663455,0.5281038634320401,0.4560645414904198,,,,18.5,0.5,0.5
1575763200,,,,0.29751439644318717,0.528432506250229,0.4582313687813345,,,,19.6,50.6,50.9
1575849600,,,,0.3001895586273487,0.5291455904290887,0.46048624094488766,,,,19.1,9.7,17.9
1575936000,,,,0.30310664291257655,0.5298580273537224,0.46280693016097046,,,,16.1,20.0,29.7
1576022400,,,,0.3063450451495877,0.5302182823579727,0.4651896296130908,,,,19.4,,
1576108800,,,,0.3105465779714505,,0.4676191799081589,,,,19.4,46.5,46.8
1576195200,,,,0.3152435299848854,0.5313349323919334,0.47044655944161384,,,,16.4,,
1576281600,,,,0.32008460791205057,0.531751355919286,0.473229973656528,,,,17.5,,
1576368000,,,,0.32447181933466096,0.5322666199749625,0.47599246692292785,,,,16.1,,
1576454400,,,,0.32899173033687884,0.5326358166526329,0.47875622750197017,,,,19.2,,
1576540800,,,,0.3340916289604002,0.5328149333785672,0.48143665880733333,,,,19.2,,
1576627200,,,,0.3389626553376651,0.53284940334605,0.4843006283766909,,,,20.1,,
1576713600,,,0.564,0.3442655556764127,0.5328295250589596,0.48720523137174643,,,,20.9,,
1576800000,,,,0.3502562944720446,0.5324253994528682,0.4901940758316783,,,,21.3,,
1576886400,0.5750967351896576,,,0.3572888128586651,0.5318116064451726,0.49321075719818347,,,,21.7,,
1576972800,,,,0.36736598867565917,0.5334408957364055,0.4962538430892968,,,,21.6,,
1577059200,,,,0.3800691864108505,,0.4993216872426353,,,,19.3,,
1577145600,,,,0.39306910593465805,0.541812617316295,0.5024112113192696,,,,19.5,0.6,0.5
1577232000,,,,0.40500805523702904,,0.5059088889610083,,,,17.4,40.4,55.3
1577318400,,,,,0.5575686191925182,0.5094974277551989,,,,15.2,22.8,23.0
1577404800,,,,,,,,,,15.8,3.4,4.8
1577491200,,,,,0.5739834990124371,,,,,11.9,18.7,26.0
1577577600,,,,,,,,,,16.1,,
1577664000,,,,,,,,,,17.3,0.1,0.1
1577750400,,,,,,,,,,15.3,1.9,2.5
1577836800,,,,,,,,,,16.1,17.3,11.8
1577923200,,,,0.4848629418162512,0.599513247637421,,,,,12.2,5.8,6.0
1578009600,,,,0.4931794239811387,0.6033954752712763,,,,,13.9,60.6,56.7
1578096000,,,,,,0.5600285254910483,,,,12.5,6.7,6.7
1578182400,,,,0.5100977363677646,0.6112142872096046,,,,,14.5,88.3,70.2
1578268800,0.63032384309168,,,,,,,,,16.1,,
1578355200,,,,0.5276162635782828,,,,,,16.2,2.9,1.7
1578441600,,,,0.5369621324622674,,0.5769968701170864,,,,13.4,19.7,21.1
1578528000,,,,0.5470601922387089,0.6260697727596264,,,,,12.7,23.3,25.9
1578614400,0.6431840581343992,,,,0.6300430638882515,,,,,13.5,,
1578700800,,0.712024655020648,,,,,,,,15.6,,
1578787200,,,,,,,,,,15.0,1.1,1.5
1578873600,,,,,,,,,,17.4,,
1578960000,,,,,,,,,,17.3,,
1579046400,0.6622493281544571,,,,,,,,,17.9,0.9,1.1
1579132800,,,,0.5951207467964967,0.6531147235664722,,,,,16.5,2.2,1.2
1579219200,,,,0.59842717066565,0.6577839163553787,,,,,15.1,7.0,5.0
1579305600,,,,0.6016031172335637,,,,,,15.2,9.8,11.6
1579392000,,,,0.6047178184020348,0.6642886748045205,0.6283649073033671,,,,12.9,31.3,36.7
1579478400,,,,0.6077394657886798,0.6678511030440919,0.635610317997179,,,,13.2,12.1,12.0
1579564800,,,,0.6113229958439605,,0.6431119853435266,,,,12.8,13.9,14.0
1579651200,,,,0.6150193445037885,0.6722366643697019,,,,,12.7,0.1,0.2
1579737600,,,,0.618254376240693,,,,,,15.8,12.2,16.0
1579824000,0.6745962334561696,,,0.6223552319959805,0.6735213192224322,,,,,13.8,1.2,1.1
1579910400,,,,0.6267123761046036,,,,,,14.4,,
1579996800,,0.7107683606895415,,0.6313148824213995,,,,,,14.8,,
1580083200,0.6775691505510145,,,0.6360628672199501,,,,,,16.8,,
1580169600,,,,0.6405665334987474,,,,,,16.8,0.9,1.5
1580256000,,,,0.6450347314866185,0.6735651342845075,,,,,17.2,2.7,4.0
1580342400,,,,0.6498086935811529,,0.6784971898911232,,,,17.1,1.9,3.9
1580428800,0.6827542290092995,,,0.6553681817417937,,0.6815007893218789,,,,16.2,,
1580515200,,,,0.6610456837813455,,,,,,16.8,2.7,2.5
1580601600,,,,0.6666049277538271,0.6735602009817693,0.6872750194041671,,,,17.1,,
1580688000,0.6852110335417572,,,0.6719709114482492,,0.6901193450637654,,,,17.9,,
1580774400,,,,0.6771948670472043,,0.6929634076236664,,,,16.9,,
1580860800,0.685976386830204,0.7098682792648296,,0.6823533720235846,,0.6958197479671354,,,,19.2,,
1580947200,,,,0.6874909897348903,,0.6986998904151629,,,,21.8,1.6,2.1
1581033600,,,,0.6926195022452413,,,,,,15.7,9.8,7.0
1581120000,,,,0.6977727400865907,0.6735066185144228,0.7044301003881734,,,,13.3,8.1,5.8
1581206400,,,,0.7029621572088335,,0.7072433691001644,,,,11.0,2.4,0.4
1581292800,,,,0.7082409296145198,0.6733010465834324,0.7100568929661595,,,,11.2,,
1581379200,,,,0.7136520912677814,,0.7129511733667875,,,,11.2,20.7,17.1
1581465600,,,,0.7192322992670526,0.6726399637483581,0.7158246371083635,,,,16.1,6.7,6.5
1581552000,,,,0.724962041384092,,0.7186203737245418,,,,18.1,,
1581638400,,,,0.7307538039601975,,0.7211964146271117,,,,15.8,,
1581724800,,,,0.7365056333324159,,0.7236988920736208,,,,19.0,,
1581811200,0.6853850298145059,,,0.7420781603211247,,0.7262141499122342,,,,18.7,,
1581897600,,,,0.7473135134969984,0.6712763774121199,0.7283616976576308,,,,17.9,,
1581984000,,,,0.7521523074356692,,0.7311296603906713,,,,18.9,1.5,2.4
1582070400,,,,0.7565928075486069,0.6712606563252704,0.7341134387323821,,,,15.2,4.6,2.8
1582156800,,,,0.7606443247128463,,0.737253678269287,,,,17.4,,
1582243200,,,,0.7643603366753746,0.6713775376417862,0.7404274434600583,,,,18.4,7.5,7.8
1582329600,,,,0.7678331285142836,,0.7435063844792084,,,,17.0,3.7,4.0
1582416000,,,,0.7710136553287288,0.6719035250349529,0.7464450107320038,,,,16.4,,
1582502400,,,,0.7737948762800712,0.672186986310629,0.7492332274177212,,,,18.3,0.2,0.2
1582588800,,,,0.7761154739307905,0.6724491984169765,0.751860108129204,,,,16.4,1.0,3.3
1582675200,,,,0.7779372497915833,0.6727330641808195,0.7543195274314534,,,,17.6,,
1582761600,,,,0.7792164922831758,0.6730080487231088,0.7565899164818158,,,,20.5,,
1582848000,,,,0.7798618428747303,0.6732266502465551,0.7586303491530254,,,,19.5,,
1582934400,0.6837969946964089,,,0.7799075449692311,0.6734474640162922,0.7603964938690748,,,,17.3,12.3,15.0
1583020800,0.6836882729387552,,,0.7794449507622828,0.6736104743512854,0.7618567368854267,,,,16.8,1.0,0.8
1583107200,,,,0.778538861512347,0.6737428624233723,0.7629912611745996,,,,17.1,,
1583193600,0.6832784926045561,,,0.7772217394318989,0.6738795399933984,0.7637820571787506,,,,20.8,,
1583280000,0.6829656759648389,,,0.7755349269386997,0.6739611526736206,0.7642272116149549,,,,26.2,,
1583366400,,,,0.7735829158335762,,0.7643462599263463,,,,26.6,0.1,
1583452800,,,,0.7714948824516976,0.6739834084358666,0.7641625844068309,,,,17.8,5.5,2.8
1583539200,0.6819715969104873,,,0.76937936241119,0.6740054868823129,0.7637130658639013,,,,17.9,,
1583625600,0.6816150737491276,,0.734,0.767237039320715,0.6740582557699607,0.7630041653898572,,,,22.6,,
1583712000,,,,0.7649737623159993,0.6742361840474087,0.7619908340279897,,,,27.5,,
1583798400,,,,0.7624942693229508,0.674358411500567,0.7606540617301476,,,,20.8,,
1583884800,,0.7093478439234042,,0.7597322223263159,0.6742992136820062,0.7589720937727323,,,,21.1,,
1583971200,0.6804651061239785,,,0.7565963879613463,0.6741702668660036,0.756956833567141,,,,28.8,16.2,16.9
1584057600,,,,0.7529888691936931,0.6741396317762727,0.7546249995958669,,,,23.4,15.4,17.4
1584144000,,,,0.7488585002315129,0.673908249787375,0.7519958627063145,,,,16.4,5.0,5.0
1584230400,,,,0.7441749794332704,0.6737564424550264,0.7490883979365962,,,,18.8,,
1584316800,0.6795702994773075,0.7094091549555052,,0.7389111515226767,0.6735489742347138,0.7459017949500674,,,,19.9,,
1584403200,,,,0.7330532410300289,0.6733358654842745,0.742420783827243,,,,17.0,22.3,18.5
1584489600,,,,0.7265134145456096,0.6731868065295292,0.7386386878926336,,,,15.1,0.1,
1584576000,,,,0.7177581182432881,0.6731555805021465,0.734604907703192,,,,15.9,7.1,4.8
1584662400,0.6778217961871643,,,0.7087468413237681,0.6732567098347733,0.7304421957761161,,,,15.0,39.5,31.0
1584748800,,,,0.6997759312024942,0.6734847420687595,0.7263150760937788,,,,13.7,1.7,1.6
1584835200,0.6764525177623977,,,0.691587537623314,0.6738219223897752,0.7223336071801926,,,,17.2,,
1584921600,,,,0.6829798868744624,0.6739212433907593,0.7184936875047456,,,,21.2,,
1585008000,,,,0.6739162447311867,0.6744093709570538,0.7147467807188215,,,,18.7,,
1585094400,,,,0.6646444569667181,0.6749207072791722,0.7110290723381023,,,,18.0,,
1585180800,,,,0.6561692338075764,,0.7072715245437952,,,,23.8,0.1,0.1
1585267200,,,,0.6482200587666817,,0.7034295811134604,,,,24.1,,
1585353600,,,,0.6404627892048882,,0.6995067313069848,,,,18.7,,
1585440000,,,,0.6327109039788301,0.6773004312016979,0.6955740040597689,,,,18.1,,
1585526400,,,,,,0.692263455636158,,,,23.1,,
1585612800,,,,0.6169792874076796,,0.688609863347183,,,,26.8,6.3,6.9
1585699200,,,,0.608987366252498,0.6796777554131979,0.6856576582345231,,,,17.9,0.4,0.5
1585785600,,,,0.6009316021149962,0.6805291449128671,0.6828422506661687,,,,18.7,,
1585872000,,,,,0.6814238531247419,0.6801071814719201,,,,20.3,,
1585958400,,,,,0.6823723982718071,0.6774208631658671,,,,28.5,,
1586044800,,,,,0.6833773247537197,0.6747681553615946,,,,28.8,,
1586131200,,,,,0.6844239954326625,0.672141425831217,,,,20.1,,
1586217600,0.6582278120370352,,,,0.685208884332814,0.6695376390471738,,,,19.1,,
1586304000,,,,,0.6860604772546504,0.6669552537533247,,,,18.8,,
1586390400,,,,0.5444743196777105,0.6865165715608768,0.6643939828707385,,,,18.7,1.0,12.3
1586476800,,,,0.5366198731495303,0.6868877315963855,,,,,17.7,7.7,10.1
1586563200,,,,0.5288578883363747,0.6872195310246868,0.6593406642836919,,,,18.9,,
1586649600,,,,,0.6875318908400477,0.656853100061046,,,,19.0,,
1586736000,0.650077556650638,,,,0.687832044627858,0.6543933781710255,,,,19.9,,
1586822400,0.6486879621172781,,,,0.6881212252588722,,,,,22.1,,
1586908800,0.6471729861325253,,,,0.6883981334499374,,,,,21.7,,
1586995200,,,,,0.6886607756467038,0.6471726879579349,,,,24.8,,
1587081600,,,,,0.6889067315514373,,,,,19.8,,
1587168000,0.6417669354007596,,0.645,,0.689133469240308,,,,,22.6,,
1587168000,0.6417669354007596,,0.644,,0.689133469240308,,,,,22.6,,
1587254400,,,,,0.6893393691666578,,,,,25.7,,
1587340800,0.6384951396270908,,,,0.6895235854596157,,,,,26.1,,
1587427200,,,,,0.689685915422531,,,,,24.2,,
1587513600,,,,,0.6898265776600088,,,,,28.2,,
1587600000,,,,,0.6899460506995244,,,,,23.8,,
1587686400,,,,,,,,,,25.9,0.6,0.1
1587772800,,,,,0.69012698995728,,,,,19.5,1.7,0.7
1587859200,,,,,,,,,,20.0,,
1587945600,0.6244467300176604,,,,,,,,,20.8,,
1588032000,,,,,,,,,,22.3,,
1588118400,,,,,,,,,,20.4,,
1588204800,,,,,,,,,,21.2,,
1588291200,,,,,,,,,,23.4,,
1588377600,,,,,,,,,,20.9,,
1588464000,,,,,,,,,,22.0,,
1588550400,0.5992672805019341,,0.603,,,,,,,22.7,0.4,0.5
1588550400,0.5992672805019341,,0.598,,,,,,,22.7,0.4,0.5
1588636800,,,,,,,,,,20.5,5.4,7.3
1588723200,,,,,,,,,,20.9,,
1588809600,,,,,,,,,,22.3,,
1588896000,,,,,,,,,,28.4,0.8,0.8
1588982400,,,,,,,,,,22.5,,
1589068800,,,,,,,,,,21.7,,
1589155200,0.5777845048884184,,,,,,,,,22.4,,
1589241600,,,,,,,,,,26.9,,
1589328000,0.5694644794282145,,,,,,,,,27.9,,
1589414400,,,,,,,,,,27.8,,
1589500800,,,,,,,,,,37.8,,
1589587200,,,,,,,,,,40.2,,
1589673600,,,,,,,,,,40.9,,
1589760000,,,,,,,,,,39.7,,
1589846400,,,,,,,,,,41.3,,
1589932800,,,0.501,,,,,,,40.5,,
1589932800,,,0.495,,,,,,,40.5,,
1590019200,,,,,,,,,,36.5,,
1590105600,,,,,,,,,,29.6,,
1590192000,,,,,,,,,,23.8,2.0,2.0
1590278400,,,,,,,,,,22.5,0.3,0.4
1590364800,,,,,,,,,,22.5,,
1590451200,,,,,,,,,,27.5,,
1590537600,,,0.503,,,,,,,24.0,,
1590624000,,,,,,,,,,23.4,,
1590710400,0.5264038223699112,,,,,,,,,22.7,,
1590796800,,,,,,,,,,23.0,,
1590883200,,,,,,,,,,23.2,,
1590969600,,,,,,,,,,25.0,,
1591056000,,,,,,,,,,28.9,,
1591142400,,,,,,,,,,23.9,,
1591228800,,,,,,,,,,25.4,,
1591315200,,,0.508,,,,,,,26.2,,
1591315200,,,0.493,,,,,,,26.2,,
1591401600,,,,,,,,,,25.1,,
1591488000,,,,,,,,,,26.2,,
1591574400,,,,,,,,,,27.2,,
1591660800,,,,,,,,,,25.3,,
1591747200,,,,,,,,,,25.0,,
1591833600,,,,,,,,,,25.5,,
1591920000,,,0.515,,,,,,,26.4,,
1592006400,,,,,,,,,,30.9,,
1592092800,,0.4538719226853671,,,,,,,,25.7,,
1592179200,,,,,,,,,,25.2,,
1592265600,,,,,,,,,,25.8,,
1592352000,,,,,,,,,,28.5,,
1592438400,,,,,,,,,,26.4,,
1592524800,,,,,,,,,,26.0,,
1592611200,,,,,,,,,,26.0,,
1592697600,,,0.452,,,,,,,28.7,,
1592697600,,,0.449,,,,,,,28.7,,
1592784000,,,,,,,,,,28.6,,
1592870400,,,,,,,,,,26.4,,
1592956800,,,,,,,,,,26.1,,
1593043200,,,,,,,,,,25.6,,
1593129600,,,,,,,,,,26.4,,
1593216000,,,,,,,,,,27.6,,
1593302400,,,,,,,,,,27.7,,
1593388800,,,,,,,,,,26.7,,
1593475200,,,,,,,,,,26.9,,
1593561600,,,,,,,,,,27.0,,
1593648000,,,,,,,,,,27.6,,
1593734400,,,,,,,,,,29.0,,
1593820800,,,,,,,,,,28.3,,
1593907200,,,,,,,,,,27.7,,
1593993600,,,,,,,,,,28.2,,
1594080000,,,,,,,,,,28.2,,
1594166400,,,,,,,,,,28.5,,
1594252800,,,,,,,,,,28.2,,
1594339200,,,,,,,,,,28.5,,
1594425600,,,,,,,,,,28.5,,
1594512000,,,,,,,,,,28.6,,
1594598400,0.4089513723659705,,,,,,,,,28.5,,
1594684800,0.4050370820792959,0.4436488652445454,,,,,,,,29.0,,
1594771200,,,,,,,,,,28.7,,
1594857600,,,,,,,,,,28.4,,
1594944000,,,,,,,,,,28.3,,
1595030400,,,,,,,,,,28.8,,
1595116800,,,,,,,,,,29.4,,
1595203200,0.38852458136805973,,,,,,,,,29.1,,
1595289600,,,,,,,,,,28.8,,
1595376000,0.3830612781627789,,,,,,,,,28.5,,
1595462400,0.3824864971622771,,0.468,,,,,,,28.9,,
1595462400,0.3824864971622771,,0.455,,,,,,,28.9,,
1595548800,,,,,,,,,,29.2,,
1595635200,0.3814804477273312,,,,,,,,,29.4,,
1595721600,,,,,,,,,,29.6,,
1595808000,,,,,,,,,,29.8,,
1595894400,,,,,,,,,,30.1,,
1595980800,0.37914056238500504,,,,,,,,,30.3,,
1596067200,,,0.445,,,,,,,30.5,,
1596153600,,,,,,,,,,30.0,,
1596240000,0.3782505767668346,,,,,,,,,29.9,,
1596326400,,,,,,,,,,29.7,,
1596412800,,0.4326235487004328,,,,,,,,30.2,,
1596499200,,,,,,,,,,29.9,,
1596585600,,,,,,,,,,29.8,,
1596672000,,,,,,,,,,29.2,,
1596758400,,,,,,,,,,29.9,,
1596844800,,,0.472,,,,,,,29.9,,
1596844800,,,0.411,,,,,,,29.9,,
1596931200,,,,,,,,,,29.5,,
1597017600,,,,,,,,,,29.5,,
1597104000,,,,,,,,,,30.1,,
1597190400,,,,,,,,,,30.1,,
1597276800,,0.43073388028670134,,,,,,,,30.3,,
1597363200,0.3736083836970294,,,,,,,,,29.9,,
1597449600,,,,,,,,,,30.0,,
1597536000,,,,,,,,,,30.3,,
1597622400,,,,,,,,,,30.8,,
1597708800,,,,,,,,,,29.9,,
1597795200,,,,,,,,,,30.0,,
1597881600,,,,,,,,,,29.8,,
1597968000,,,,,,,,,,29.5,,
1598054400,,,,,,,,,,29.2,,
1598140800,,0.43227242297591173,,,,,,,,30.2,,
1598227200,,,0.465,,,,,,,30.9,,
1598227200,,,0.463,,,,,,,30.9,,
1598313600,,,,,,,,,,30.4,,
1598400000,,,,,,,,,,30.5,,
1598486400,,,,,,,,,,29.8,,
1598572800,,0.43386948642379136,,,,,,,,29.6,,
1598659200,,,,,,,,,,31.1,,
1598745600,,,,,,,,,,31.6,,
1598832000,,,0.413,,,,,,,31.6,,
1598918400,,,,,,,,,,31.3,,
1599004800,,,,,,,,,,30.8,,
1599091200,,,,,,,,,,32.3,,
1599177600,,,,,,,,,,32.2,,
1599264000,,,,,,,,,,31.2,,
1599350400,,,,,,,,,,31.0,,
1599436800,,,,,,,,,,30.7,,
1599523200,,,,,,,,,,32.0,,
1599609600,,,0.449,,,,,,,31.4,,
1599609600,,,0.445,,,,,,,31.4,,
1599696000,,,,,,,,,,31.7,,
1599782400,,,,,,,,,,30.8,,
1599868800,,,,,,,,,,31.5,,
1599955200,,,,,,,,,,30.3,,
1600041600,,,,,,,,,,30.5,,
1600128000,,,,,,,,,,30.4,,
1600214400,,,0.409,,,,,,,30.8,,
1600300800,,,,,,,,,,30.2,,
1600387200,,,,,,,,,,30.3,,
1600473600,0.3765881105576219,,,,,,,,,31.5,,
1600560000,0.3767662668182241,,,,,,,,,30.7,,
1600646400,,,,,,,,,,29.3,,
1600732800,,,,,,,,,,29.7,,
1600819200,,,,,,,,,,29.3,,
1600905600,,,,,,,,,,29.3,,
1600992000,,,0.465,,,,,,,29.0,,
1601078400,,,,,,,,,,29.2,,
1601164800,,,,,,,,,,30.1,,
1601251200,0.377907089360709,,,,,,,,,31.2,,
1601337600,0.3780048949619868,,,,,,,,,30.4,,
1601424000,,,,,,,,,,29.9,,
1601510400,0.3782083102150175,,,,,,,,,28.8,,
1601596800,,0.4270000000000016,0.463,,,,,,,28.5,,
1601683200,,,,,,,,,,27.8,,
1601769600,,,,,,,,,,28.1,,
1601856000,,,,,,,,,,28.3,,
1601942400,,,,,,,,,,30.7,,
1602028800,,,,,,,,,,33.7,,
1602115200,0.3829063640699549,,,,,,,,,38.7,,
1602201600,,,,,,,,,,38.7,,
1602288000,,,,,,,0.4143881347685774,0.49747409231500134,0.3961081751073659,28.7,,
1602374400,,,0.464,,,,0.41237021223384074,0.49647138321763573,0.39634945075197425,28.4,,
1602374400,,,0.462,,,,0.41237021223384074,0.49647138321763573,0.39634945075197425,28.4,,
1602460800,,,,,,,0.41036391170488035,0.4954702504279897,0.39659932029793893,27.1,,
1602547200,,,,,,,0.4083688352565397,,0.39685799555845236,27.4,,
1602633600,0.39230162550540704,,,,,,0.4063846600878745,0.4934752256200593,0.39712565488306595,27.0,,
1602720000,,,,,,,0.4044111654692514,0.4924828719843966,0.3974025183063394,28.1,,
1602806400,,,,,,,0.4024490525030351,0.4914952734319868,0.3976889553156545,27.5,,
1602892800,,,,,,,0.40049964609804434,0.4905135474369238,0.3979853301085609,27.2,,
1602979200,,,0.451,,,,0.39856522480104106,0.48953876381522443,0.3982920021910846,28.7,,
1603065600,0.4068605717712959,,,,,,0.3966488398721342,0.48857181135825334,0.3986093677777367,29.8,,
1603152000,,,,,,,0.394754452736352,0.4876134159537989,0.39893782577053327,33.1,,
1603238400,0.41187138277662555,,,,,,0.3928870326234741,0.4866641522695852,0.39927786691806433,28.1,,
1603324800,,0.5152857142857479,,,,,0.39105325505040256,0.48572433784584584,0.39963026859069845,30.3,,
1603411200,,,,,,,0.38926376486142616,0.4847940984343387,0.39999609533756814,31.7,,
1603497600,,,,,,,0.3875419893350311,0.48387327777062916,0.40037692459899515,33.6,,
1603584000,,,,,,,0.38593633729540316,0.48296135762704595,0.4007752988988145,32.7,,
1603670400,0.426986065396623,,,,,,0.38536582380946266,0.4820578186652803,0.4011955068249349,34.0,,
1603756800,,0.5373571428571509,0.467,,,,0.38525718079188875,0.48116240316589337,0.4016446265784664,28.7,,
1603843200,,,,,,,0.38553611705399504,0.48027476325140905,0.40213425578113365,27.3,,
1603929600,,,,,,,0.38611573765122426,0.47939478254286466,0.40268332839982435,27.0,,
1604016000,0.4386606467710224,,,,,,0.3869177524447464,0.4785243530732078,0.40332308569880315,27.0,,
1604102400,,,,,,,0.3878686372820014,0.4776696824061135,0.4041047029336546,26.7,,
1604188800,,,,,,,0.3889468979615125,0.4768456500428203,0.4051068669700472,26.0,0.9,1.0
1604275200,,,,,,,0.3901832813773433,0.4760795799209216,0.4064280039906057,25.5,,
1604361600,,,,,,,0.39162138969813787,0.4754934979629817,0.40781751099573677,25.6,10.6,27.2
1604448000,,,,,,,,0.4750161256313476,0.4090024112502905,21.4,9.6,12.9
1604534400,,,,,,,0.3954339774910472,,,22.8,0.9,1.3
1604620800,,,,,,,0.39730424487130933,,,22.5,1.4,0.5
1604707200,0.46246512357013236,,,,,,0.3993534850896577,,,25.6,,
1604793600,,,,,,,0.40157325422219553,0.4731319866264383,0.4244572374214533,26.3,,
1604880000,,,,,,,0.4039131159397189,,,25.7,,
1604966400,,,,,,,0.40607097399658926,,,24.9,,
1605052800,,,,,,,0.4082369117695355,,,23.9,,
1605139200,,,,,,,0.4105204620533953,0.4717864922181591,,25.3,,
1605225600,,,,,,,0.4126585049115354,,,28.0,,
1605312000,,,,,,,0.4148253422141417,,,27.5,4.2,12.9
1605398400,,,,,,,0.4169575685154139,0.4720347190535381,,21.5,0.7,2.0
1605484800,,,,,,,0.4194340426736905,,,22.1,,
1605571200,,,,,,,0.4222757103273318,,,24.7,,
1605657600,,,,,,,0.42615926955632283,,,24.4,,
1605744000,,,0.535,,,,0.4317826994516488,,,25.6,,
1605830400,,,,,,,,0.49814377676840743,0.5221451456350777,19.7,118.2,70.5
1605916800,0.5138747536544839,,,,,,,,0.5279112474585923,17.4,6.9,2.1
1606003200,,,,,,,0.4578544797423077,,,21.1,2.0,1.2
1606089600,,,,,,,0.4672138360244399,,,23.2,,
1606176000,,,,,,,0.4761066797774642,,,23.0,,
1606262400,,,,,,,0.48255082645155284,,,22.7,7.2,13.0
1606348800,,,,,,,,0.5333673041042424,0.563018020478057,16.5,25.3,29.0
1606435200,,,,,,,,,,19.8,0.6,0.6
1606521600,,,,,,,,,,20.4,,
1606608000,,,,,,,0.5144212667589644,,,21.1,,
1606694400,0.554095341085257,,,,,,,,,20.9,,
1606780800,,,,,,,,,0.5952158691896068,21.6,,
1606867200,,,,,,,,,0.6002524706701479,21.4,,
1606953600,,,,,,,,,0.6050857345511848,20.7,,
1607040000,,,,,,,,,0.60998604764157,21.3,0.9,1.0
1607126400,,,,,,,0.5667029534969298,,0.6148891671288375,18.1,3.2,3.5
1607212800,,,,,,,,,0.6198015627879628,18.2,22.4,28.2
1607299200,,,,,,,0.5872626375905995,,0.624726843935812,20.7,,
1607385600,0.6020528755992428,,,,,,0.597998168927184,,0.6296655521264938,21.7,0.2,0.2
1607472000,,,,,,,0.6088225326220209,,0.6346271462292165,20.2,1.5,1.5
1607558400,0.6116199853276845,,,,,,0.6195574501737563,,0.6395734873833127,21.6,,
1607644800,,0.7359999999998582,,,,,0.630202799560025,,0.6445414456030127,22.0,,
1607731200,0.6202889127782409,,,,,,0.6401838901456218,,0.6495101195086772,22.1,,
1607817600,,,,,,,0.6496430072766852,,0.6543201756960983,22.5,,
1607904000,,,,,,,0.6585964381140065,0.5750672038938254,0.6591975040016865,22.4,6.7,8.1
1607990400,,,,,,,0.6670772824876854,,0.663974041634066,17.5,30.3,42.2
1608076800,,,,,,,0.6758268332740304,0.5800853309783794,0.6683804511729198,17.6,42.6,50.6
1608163200,,,,,,,0.683615792088735,,0.6725736498456859,17.6,21.2,18.8
1608249600,0.6481418531903956,,,,,,0.6922211392580147,0.5863307090000135,0.6765943200410106,20.0,,
1608336000,0.6514489958757876,,,,,,0.7012014764281096,0.5897349239675078,0.6804903669526433,20.4,,
1608422400,,,,,,,0.7108491894207773,,0.6842886750468761,20.4,,
1608508800,0.6585331731858235,0.7533333333333486,0.688,,,,0.7185385618597997,,0.6879797362815142,20.5,,
1608595200,0.6606018226520849,,,,,,0.7256636728219161,,0.6915301602552436,19.9,0.4,0.5
1608681600,,,,,,,0.731778083638629,,0.6948866555158789,19.5,11.6,10.5
1608768000,,,,,,,0.7366146884432926,0.609165817824566,0.6979106912306905,18.9,,
1608854400,0.6661229016483737,,,,,,0.7401421666690469,,0.7003748492072266,17.6,,
1608940800,0.6671464828473795,0.762,,,,,0.7425946113274388,,0.7021037573403837,18.3,,
1609027200,0.6682843946434035,,,,,,0.744343723786842,,0.7031184863567467,17.0,,
1609113600,0.6693691154951875,,,,,,0.7456780157080339,,0.7036091701916491,16.6,,
1609200000,0.6703832801860263,,,,,,0.7467061030756129,,0.7037691337307479,18.7,,
1609286400,0.6713080343300254,,0.742,,,,0.7474691228621875,,0.7037185430424604,18.9,,
1609286400,0.6713080343300254,,0.734,,,,0.7474691228621875,,0.7037185430424604,18.9,,
1609372800,,0.7370000000000178,,,,,0.7480163008350431,,0.7035047769148663,19.9,,
1609459200,0.6728233667367768,,,,,,0.7484298239863901,,0.7031136602274476,20.3,,
1609545600,,,,,,,0.7488349372012647,,0.7025109092316408,20.1,,
1609632000,0.6738299489997843,,,,,,0.7494125715290365,,0.7017046884839319,21.8,,
1609718400,0.6742056372019741,,,,,,0.7503363232377378,,0.7007403929966588,21.6,,
1609804800,,,,,,,0.7516783350989599,,0.6996813546176232,21.5,,
1609891200,,,,,,,0.7534392106782462,,0.6985932928959497,21.3,,
1609977600,,,,,,,0.7555804674835,,0.6975341646455189,22.0,,
1610064000,0.6752802533992941,,,,,,0.7579777163833402,,0.6966228008398294,20.6,,
1610150400,0.6759808258519692,,,,,,0.7604257104899197,,0.6960935458259833,21.5,,
1610236800,0.6767206154642995,0.6869999999998696,,,,,0.7627046679626853,,0.6962425669099956,22.6,,
1610323200,,,,,,,0.7646541480428608,,0.6971727925748615,23.6,,
1610409600,0.6774324022019923,,,,,,0.7662388328289094,,0.6985777399841573,24.8,,
1610496000,,,,,,,0.7675652830706176,,0.699980551502782,22.9,0.3,1.3
1610582400,,,,,,,0.7688552258255975,0.6197382327848862,0.7011294669820848,18.5,37.1,43.5
1610668800,,,,,,,0.7703450225493556,0.6196983797594419,0.7020330814717192,15.6,0.2,
1610755200,,,,,,,0.7721659427072562,0.6193693521793769,0.7028143960538171,16.9,15.2,18.5
1610841600,,,,,,,0.7743351255902313,,0.7036008137041034,17.2,15.3,19.2
1610928000,,,,,,,0.7767831194600594,0.619357039613279,0.7044700387688826,13.2,5.1,7.7
1611014400,,,,,,,0.7793676070282469,0.6186232148589397,0.7054873914155357,13.9,17.5,24.1
1611100800,,,,,,,0.7819060062571395,,0.7066752114413763,13.6,1.9,2.9
1611187200,,,,,,,0.7841898681861962,0.6181086982440467,0.7080437714818401,14.7,,
1611273600,0.680056104649469,,,,,,0.7860546696338282,0.6178805269644959,0.7096108994386929,14.6,,
1611360000,,,,,,,0.7874599167286811,0.6176620960058427,0.7113514284756617,15.8,,
1611446400,0.6801442242039981,,,,,,0.7884544803962442,0.617446947568781,0.7131510335159773,18.6,,
1611532800,0.6801016542900308,,,,,,0.7891498143388604,0.6172296818022986,0.7148415084440615,18.6,,
1611619200,,,,,,,0.7896997276592548,0.6170089975688027,0.7163148969761531,17.4,,
1611705600,,,,,,,0.7902744592977957,0.6167959640336028,0.7176016039841119,18.9,1.6,1.8
1611792000,,,,,,,0.7910270524405301,0.6166378705059193,0.7188006064800058,16.8,15.8,18.3
1611878400,,,,,,,0.792029304298144,0.6166814139205672,0.7199782757337497,13.8,6.1,15.0
1611964800,,,,,,,0.7932639587836686,0.6174660612322094,0.7211680573722015,14.6,6.4,6.7
1612051200,,,,,,,0.7946655222024069,0.6184382833795105,0.7223942747058864,17.6,,
1612137600,,,,,,,0.7961617417608225,0.619514242945126,0.7236528972691822,20.9,,
1612224000,,,,,,,0.7977134972652439,0.6204271466710443,0.7249423503076998,22.0,,
1612310400,,,,,,,0.7992961302434615,0.6215071041984848,0.7262719177531981,22.0,0.3,0.5
1612396800,,,,,,,0.8008528617871203,0.6228248176892364,0.7276460073453297,20.4,7.8,8.5
1612483200,,,,,,,0.8023195524347911,0.6236593569450626,0.7290325560616348,18.2,,
1612569600,,,,,,,0.803697026190484,0.6247789425338478,0.7303655277056503,19.4,,
1612656000,,,,,,,0.8050336085342844,0.6260194472185188,0.7315476473842726,18.7,,
1612742400,,,,,,,0.806374445972073,0.6274746478859431,0.7325255666676586,23.5,,
1612828800,0.6820205175377871,0.8027410605304285,,,,,0.8077159744209346,0.6291924560557143,0.7333188857035203,25.4,,
1612915200,0.6820289282386826,,,,,,0.808977251910757,0.6310923704176136,0.734006142602129,20.8,,
1613001600,0.6820255023977377,,,,,,0.8100399179166111,0.633008251167464,0.7346693945358328,21.3,,
1613088000,0.6823567732423199,,,,,,0.8108320778969983,0.6348307256074268,0.7353601792429667,19.8,,
1613174400,0.6822978546256562,,,,,,0.8113586360477537,0.6365256892930404,0.7360919932679527,18.5,,
1613260800,0.6822053645582348,0.7932062768601967,,,,,0.811669563259076,0.6380931001929616,0.736838334294466,21.0,,
1613347200,,,,,,,0.8118040245733165,0.6395526894204189,0.7375534111998023,18.0,,
1613433600,,,0.776,,,,0.8117541525659782,0.6409100000563368,0.7381909087833577,17.3,24.0,12.6
1613520000,,,,,,,0.8115401074910564,0.6421764710598208,0.7386532654335027,10.9,33.3,48.2
1613606400,,,,,,,0.8111888418788015,0.6433688073949557,0.7388629590853807,13.0,6.2,8.2
1613692800,,,,,,,,,0.7388267916703328,11.3,17.7,16.1
1613779200,,,,,,,0.809856686073756,0.6456215758921333,0.738554251203504,15.2,,
1613865600,0.680738155901643,,,,,,0.808643543141981,0.6466983656800964,0.738092123552262,16.9,,
1613952000,0.6804359739916102,,,,,,0.806943632286668,0.6477150629800915,0.7374631852248562,17.4,,
1614038400,0.6800350926635621,,,,,,0.804684605367721,0.6486464232538739,0.7366581714080307,20.4,,
1614124800,0.6793298875546847,0.7733563670989626,,,,,0.8017913071189822,0.6494694290633378,0.7356299070572694,20.4,,
1614211200,,,,,,,0.7982342576469025,0.6501605384212742,0.7342701195086037,18.1,,
1614297600,,,,,,,0.7940393178526277,0.6506996518854279,0.7324611310821144,21.8,,
1614384000,0.6768325361373945,,,,,,0.7892601799153897,0.6510910105660886,0.7302089666667085,23.7,,
1614470400,0.675907040836542,,,,,,0.7839871730366174,0.6513706515582711,0.727623177698551,18.6,0.1,0.2
1614556800,,,,,,,0.7783325813265982,0.6515878339130858,0.7248288285743727,17.3,0.6,1.3
1614643200,,,,,,,0.772382634500375,0.6517767603487034,0.7219215482779696,17.3,,
1614729600,0.6729825396872761,,,,,,0.7661617396468721,0.6519357358770205,0.7189074896223275,17.2,6.6,10.6
1614816000,,,,,,,0.7596717687953718,0.6520566368277452,0.7157545226787391,12.6,9.3,8.8
1614902400,0.6709706399980977,,,,,,0.7528920101236894,0.652112107494681,0.7124269477914089,18.1,,
1614988800,0.6699577214157244,0.7329999999999384,,,,,0.745791409182183,0.6520813830795258,0.7089087705535627,22.7,,
1615075200,,,,,,,0.7383526289889795,0.6519357993209678,0.7051731214975945,18.0,,
1615161600,,,,,,,0.7305956266122536,0.6513200399149564,0.7012455468714356,18.2,,
1615248000,,,,,,,0.7226004297003652,0.6508911931570319,0.697171046794315,20.8,,
1615334400,,,,,,,0.7144767253738017,0.6503326006086033,0.6929970986627555,29.2,,
1615420800,,,,,,,0.7063308574273001,0.6496561271175357,0.6885160314831857,24.2,6.0,2.0
1615507200,0.6634081218678283,,,,,,0.6982305928597436,0.648883271698339,0.684092166188528,17.6,,
1615593600,0.6618899231784184,,,,,,0.6902084557635535,0.6480545979740996,0.6795778945037542,19.0,,
1615680000,,,,,,,0.6822571003095945,0.6472352728678317,0.674978649021244,20.4,,
1615766400,,,,,,,0.6745033148930623,0.6464934919511489,0.6702991441326616,20.1,,
1615852800,,0.6930000000000084,,,,,0.6667152471793488,0.645853876280653,0.6653005133752898,20.3,,
1615939200,0.6548346441811203,,,,,,0.6588909378498113,0.6452895227674684,0.660533511370238,18.4,,
1616025600,,,,,,,0.6509758864203707,0.6447621692434606,0.6555508601723042,18.6,,
1616112000,,,,,,,0.6430620485845898,0.6442574168521318,0.6505812556002781,18.6,,
1616198400,,,,,,,0.635098279959276,0.6437830720171748,0.6456036464631287,24.9,,
1616284800,,0.6730000000000134,,,,,0.6269709312223029,0.6433526221306358,0.640607465827496,28.5,,
1616371200,,,,,,,0.6184992933321137,,0.6355898832027497,28.3,,
1616457600,,,,,,,0.609472247448963,,,29.5,1.0,4.0
1616544000,,,,,,,0.5997797821938896,0.642417828360007,0.6254256492298707,17.7,0.7,1.3
1616630400,,,,,,,0.5895711556290867,0.642241301992078,0.6203198684674149,17.0,4.0,6.1
1616716800,,,,,,,0.5792153849897456,0.6421547413204234,,15.5,,0.1
1616803200,0.6200262916388998,,,,,,0.5690426581321942,0.6421802010530103,0.6099449607082421,16.1,,
1616889600,,,,,,,0.5592833260808023,0.6423338784679737,0.6048050482846458,18.1,,
1616976000,,,,,,,,0.642618588018071,0.5996712645088007,18.0,,
1617062400,,,,,,,,0.643022730375923,0.5945443737446376,18.5,,
1617148800,,,,,,,,0.6435105575924059,,18.0,,
1617235200,,,,,,,,0.6440234241320488,,18.2,12.1,11.0
1617321600,,,,,,,,0.6444379912261421,0.5792148360894678,15.5,2.8,2.6
1617408000,,,,,,,,0.6449686965580861,,18.1,0.5,0.2
1617494400,,,,,,,,0.6454898314959702,,20.3,,
1617580800,,,0.482,,,,0.4910165921115544,0.6459872301051173,,29.4,,
1617667200,,,,,,,0.48239883655530275,0.6464658712965338,,33.3,,
1617753600,,,,,,,0.4735404504990406,0.6469407180969728,,27.6,,
1617840000,0.5701092594209486,,,,,,0.46454863181161143,0.6473947408380982,,20.9,,
1617926400,,,,,,,0.45582829409855685,0.6478702910263772,,19.5,,
1618012800,,,,,,,0.4479996769688938,0.6483526050544463,,16.4,2.5,5.0
1618099200,,,,,,,0.44161892574573935,0.6488304543181994,,17.8,,
1618185600,,,,,,,0.43683920991733927,0.649267979405063,,17.2,,
1618272000,,,,,,,0.433380241302468,0.6496194468672523,,18.4,,
1618358400,0.5476413659284569,,,,,,0.43079004586012115,0.649870820494343,,21.9,,
1618444800,,,,,,,0.4286271750092054,,0.5137767471508686,28.0,,
1618531200,,,,,,,0.42668853711806837,0.6501309156527343,,29.3,,
1618617600,,,,,,,0.4246844652195334,0.6501899293129467,,29.4,,
1618704000,,,,,,,0.4227495518009501,,0.49883885076792334,34.5,,
1618790400,,,,,,,0.4208950307145407,0.6502167194267988,,38.5,,
1618876800,,,,,,,0.4195697542346257,0.6501300757553121,,32.7,,
1618963200,,,0.456,,,,0.41844179441620355,0.64993664248082,,20.6,,
1618963200,,,0.419,,,,0.41844179441620355,0.64993664248082,,20.6,,
1619049600,,,,,,,0.4174728595323949,0.6496198867384265,,20.7,,
1619136000,,,,,,,0.41663698314382397,0.6491391107799083,,23.5,,
1619222400,,,,,,,0.4159932691015453,0.6484493022286666,,22.2,,
1619308800,,,,,,,0.41562135124434285,0.6475250240454512,,24.7,,
1619395200,,,,,,,0.4155555181729388,0.6463582132870296,,24.0,,
1619481600,,,,,,,0.4157983989756566,0.6446905128102511,,20.9,,
1619568000,,,,,,,0.4163358098472047,0.6431979531824444,,22.7,,
1619654400,,,,,,,0.41709412961981984,0.641582087681916,,26.8,,
1619740800,,,,,,,0.4180199705327527,0.6398848623292774,,26.5,,
1619827200,,,,,,,0.41912462937217304,0.6381392319223194,,25.8,,
1619913600,,,,,,,0.4205755164828234,0.6363643210451652,,26.4,,
1620000000,,,,,,,0.42196720119353753,0.6345696855725322,,26.8,,
1620086400,,,,,,,0.4234943200638978,0.632812663962507,,29.0,,
1620172800,,,,,,,0.42514182985845606,0.6310438622586939,,29.8,,
1620259200,,,,,,,,0.6292630160353803,,26.4,,
1620345600,,,,,,,0.4284555214113959,0.627490963427405,,25.5,,
1620432000,,,,,,,0.4299111753163988,0.6259106267411813,,26.5,,
1620518400,,,,,,,0.43112567585307865,,,36.4,,
1620604800,,,,,,,0.4320934709229452,0.6227871389570642,,25.2,,
1620691200,,,,,,,0.4328738962795664,0.6213656284392088,,26.0,,
1620777600,,,,,,,0.4335601413328044,0.6199507990230542,,24.2,,
1620864000,0.47792914410000625,,,,,,0.43423707738740225,,,23.8,,
1620950400,,,,,,,0.4349367543289567,0.6171174328168186,,24.0,,
1621036800,,,,,,,0.4356571048295336,0.615700826475629,,24.5,,
1621123200,,,,,,,0.4364069508516562,0.6142872213308554,,24.8,,
1621209600,,,,,,,,,,24.7,,
1621296000,,,,,,,0.437984110336611,0.6114775838911577,,24.3,,
1621382400,,,,,,,0.4388159770171135,0.6100844984911846,,25.8,,
1621468800,,,,,,,0.4396869835231637,,,25.6,,
1621555200,,,,,,,0.44058232874991266,,,24.9,,
1621641600,,,,,,,0.44130764612070666,,,23.8,,
1621728000,0.458481191447246,,,,,,0.44205089909589595,0.6046091627875719,,24.0,,
1621814400,,,,,,,0.4427337011596103,0.603266396883629,,24.8,,
1621900800,,,,,,,0.44346220445445594,,,26.6,,
1621987200,,,,,,,0.4443258786540912,,,27.7,,
1622073600,,,,,,,0.445362969475868,0.5992991524545324,,28.6,,
1622160000,,,,,,,0.44654722128332336,,,26.5,,
1622246400,0.4474119057762577,,,,,,0.44780342252770733,,,25.5,,
1622332800,,,,,,,0.44899656979482544,,,26.5,,
1622419200,,,,,,,0.45000376615225146,,,35.4,,
1622505600,,,,,,,0.4507590406654657,,,26.6,,
1622592000,,,,,,,0.4512765769581142,,,25.6,,
1622678400,,,,,,,0.45158811456793313,,,24.8,,
1622764800,,,,,,,0.4517586948386033,,,24.9,,
1622851200,,,,,,,0.45185286368984334,,,24.9,,
1622937600,,,,,,,0.4517025119680877,,,26.0,,
1623024000,,,,,,,0.4517925552562381,,,26.3,,
1623110400,,,,,,,0.45178293133256053,,,26.0,,
1623196800,0.4289467405531967,,,,,,0.4518577149303978,,,27.9,,
1623283200,,,,,,,0.45195998373848084,,,27.7,,
1623369600,0.42572490721322775,,,,,,0.45205908200886297,,,26.5,,
1623456000,,,,,,,0.4521435279121299,,,29.1,,
1623542400,,,,,,,0.45221072571047344,,,27.0,,
1623628800,0.4209580140754449,,,,,,0.4522620547736396,,,26.3,,
1623715200,,,,,,,0.4523032498480643,,,26.7,,
1623801600,,,,,,,0.4522426337046591,,,26.5,,
1623888000,,,,,,,0.45221170470485295,,,25.7,,
1623974400,,,,,,,0.4518915900966888,,,25.8,,
1624060800,,,,,,,0.45147448772265825,,,26.3,,
1624147200,,,,,,,,,,26.3,,
1624233600,,,,,,,,,,27.9,,
1624320000,,,,,,,0.44920856249478613,,,27.5,,
1624406400,,,,,,,,,,27.2,,
1624492800,,,,,,,,,,27.4,,
1624579200,,,,,,,,,,29.4,,
1624665600,,,,,,,,,,27.7,,
1624752000,,,,,,,,,,29.3,,
1624838400,,,,,,,,,,30.5,,
1624924800,,,,,,,,,,30.4,,
1625011200,,,,,,,,,,30.3,,
1625097600,,,,,,,,,,29.8,,
1625184000,,,,,,,,,,30.2,,
1625270400,,,,,,,,,,30.0,,
1625356800,,,,,,,,,,29.1,,
1625443200,,,,,,,,,,29.0,,
1625529600,,,,,,,,,,29.3,,
1625616000,,,,,,,,,,29.2,,
1625702400,,,,,,,,,,29.5,,
1625788800,,,,,,,,,,29.6,,
1625875200,,,,,,,0.45042359930504616,,,28.9,,
1625961600,0.38240578154320637,,,,,,,,,29.8,,
1626048000,,,,,,,,,0.4420051731609994,29.2,,
1626134400,0.37988157234472086,,,,,,,,,29.8,,
1626220800,0.3786362486238117,,,,,,,,0.4388304331512972,29.5,,
1626307200,,,,,,,0.4510244144035351,,,30.0,,
1626393600,,,,,,,,,0.4356919018925824,30.2,,
1626480000,,,,,,,,,0.43412775461387443,30.0,,
1626566400,,,,,,,0.45126813955614353,,0.4325612678548354,30.7,,
1626652800,,,,,,,,,0.43098788924283404,30.8,,
1626739200,0.37139625150855715,,,,,,,,0.42940343049780205,30.1,,
1626825600,,,,,,,0.45155640108659983,0.48577458407332613,0.42780470903428025,30.6,,
1626912000,,,,,,,,,0.42619050089735305,29.7,,
1626998400,,,,,,,,,0.42456314249788346,30.4,,
1627084800,,,,,,,0.45140429015304334,,0.42292991890667325,29.4,,
1627171200,,,,,,,0.4514386428186151,,0.42130591256863414,30.1,,
1627257600,,,,,,,,,0.41971975507508014,30.3,,
1627344000,,,,,,,0.4517668556542256,,0.41822163153099967,30.6,,
1627430400,,,,,,,,,0.4168679964696672,31.3,,
1627516800,,,,,,,,,0.4155977958650333,30.3,,
1627603200,,,,,,,0.452656309648111,0.4854575925212357,0.4144299955799102,30.2,,
1627689600,,,,,,,,,0.4133406429569176,30.5,,
1627776000,,,,,,,,0.48527529445289685,0.4123042460053909,,,
1627862400,,,,,,,,0.48518820359938397,0.411296367335398,,,
1627948800,,,,,,,,0.48510553637016346,0.41030489280330107,,,
1628035200,,,,,,,,0.4850217052217554,0.4093331084557347,,,
1628121600,0.35395382873965575,,,,,,,0.48492095387788436,0.4083992259485275,,,
1628208000,,,,,,,,0.4847713816353669,0.40754623243848226,,,
1628294400,,,,,,,,0.4845203675328632,0.4068177738938049,,,
1628380800,,,,,,,0.4557169205435849,0.4841059093078527,0.4062399594642701,,,
1628467200,,,,,,,,0.4835196357050722,0.4058128641613236,,,
1628553600,,,,,,,,0.4828310714351491,0.4055297748123397,,,
1628640000,,,,,,,,0.48215526327159614,0.4053803816648842,,,
1628726400,,,,,,,,0.48144241907750907,0.4053391359492755,,,
1628812800,,,,,,,,0.4806777789894646,0.40537053679984386,,,
1628899200,,,,,,,,0.47986668696552587,0.40543632059684015,,,
1628985600,,,,,,,,0.479091528337333,0.40549854441395006,,,
1629072000,,,,,,,,0.4783152245002001,0.40553539328883004,,,
1629158400,,,,,,,,0.47752415559387035,0.40554351801317295,,,
1629244800,,,,,,,,0.47670742259947263,0.40552106010905786,,,
1629331200,,,,,,,0.45981566098501897,0.47585277862801145,0.4054661127051127,,,
1629417600,,,,,,,0.4609701834396801,0.4749573954629435,0.4053870450380979,,,
1629504000,,,,,,,0.4604662520489401,0.47403455824883817,0.4053049314437741,,,
1629590400,,,,,,,0.45940942502575155,0.47310975816673306,0.4052425561757024,,,
1629676800,,,,,,,,0.4722017871463363,0.405209761318031,,,
1629763200,,,,,,,,0.47131560305042186,0.4051899399536739,,,
1629849600,,,,,,,0.4543937624174255,0.47045314266165744,0.40516582290625863,,,
1629936000,0.33477050426636534,,,,,,0.45178958675798736,0.4696277587904908,0.40513639597804313,,,
1630022400,,,,,,,0.44947505767143225,0.46884685845172286,0.4051086356308616,,,
1630108800,,,,,,,0.4469949636854612,0.46810029423735333,0.40508367534152656,,,
1630195200,0.33233563749457495,,,,,,0.44424009678120024,0.4673728240108584,0.40504786665262354,,,
1630281600,,,,,,,,0.4666528976143193,0.40499684367180033,,,
1630368000,,,,,,,,0.46592721119473,0.4049427183698775,,,
1630454400,,,,,,,0.43502084025284654,0.4651564591186774,0.40489978773635676,,,
1630627200,,,,,,,0.429084313464444,0.4633012328774805,0.4048796168484391,,,
1630713600,,,,,,,0.4259560849885014,0.46218585943183804,0.40490144049969257,,,
1630800000,,,,,,,0.42232899464018525,0.4610082244249548,0.404926161479376,,,
1630886400,,,,,,,0.4186720046138264,0.4598464206508305,0.4049375757818057,,,
1630972800,,,,,,,0.41502640797156304,0.4587613471215657,0.40492462459761414,,,
1631059200,,,,,,,0.41142681346672294,0.45777262876092695,0.404871150402987,,,
1631145600,,,,,,,0.40791836386433555,0.4568454470545765,0.4047440571104938,,,
1631232000,,,,,,,0.4039005094497296,0.45591589571824165,0.4045109678941856,,,
1631318400,,,,,,,0.4009807739205959,0.4549381867062508,0.4041488160620635,,,
1631404800,,,,,,,0.3983854555218438,0.45388223051678633,0.4036295933840989,,,
1631491200,,,,,,,0.3960499210722521,0.45275151781233675,0.40293931372599345,,,
1631577600,,,,,,,0.3939105463433982,0.45156591530470747,0.40208526665402444,,,
1631664000,,,,,,,0.39192718867562376,0.4503332837888594,0.40109238206813824,,,
1631750400,,,,,,,0.3900534939772988,0.44906994822921154,0.3999926996282094,,,
1631836800,,,,,,,0.38841351895489495,0.44782381044590064,0.3988216537026067,,,
1631923200,,,,,,,0.38690675278541964,0.44665359565385415,0.3976035778326707,,,
1632009600,,,,,,,0.3855239376177651,0.4455883119274329,0.3963444140735692,,,
1632096000,,,,,,,0.38424908749202236,0.44465031582308384,0.39507686599997466,,,
1632182400,,,,,,,0.38304686129184246,0.44385755285493006,0.3938603795133892,,,
1632268800,,,,,,,0.38187737613921413,0.4432041292575525,0.39276407531054564,,,
1632355200,,,,,,,0.38071286275679767,0.44268745528207476,0.39183285303142773,,,
1632441600,,,,,,,0.37952373716373383,0.4422922880024872,0.3910668201656516,,,
1632528000,,,,,,,0.37829709019234997,0.441986441370219,0.3904321119968998,,,
1632614400,,,,,,,0.37704775367354776,0.44174263528981744,0.38988868433097235,,,
1632700800,,,,,,,0.37580767962569667,0.441529587471642,0.3894193756076785,,,
1632787200,,,,,,,0.3745830966502167,0.4413219692481748,0.38902779189266296,,,
1632873600,,,,,,,0.3733749128594559,0.44108612735778824,0.3887239700042962,,,
1632960000,,,,,,,0.37220689427785386,0.4408003250492128,0.38853168296444907,,,
1633046400,,,,,,,0.3710841229784114,0.440473211706487,0.3884739195891795,,,
1633132800,,,,,,,0.3699887504835805,0.4401524613420855,0.38855972208388884,,,
1633219200,,,,,,,0.36891390565857934,0.439872973566735,0.388767809805661,,,
1633305600,,,,,,,0.3678649038651347,0.4396146592171595,0.38905817058717296,,,
1633392000,,,,,,,0.36683766249114275,0.4393158848069245,0.38937891444474815,,,
1633478400,,,,,,,0.36579718309699866,0.4388803170865864,0.3896574804440542,,,
1633564800,,,,,,,0.36470442170117623,0.43825080517304765,0.3898402711957736,,,
1633651200,,,,,,,0.36352665477648366,0.43745096458883265,0.38992395854665207,,,
1633737600,,,,,,,0.36223250568607723,0.4365421789058538,0.3899315139888421,,,
1633824000,,,,,,,0.360794559201975,0.4355543637989325,0.3898796944702601,,,
1633910400,,,,,,,0.35924078690934486,0.4344880002718453,0.3897571187759959,,,
1633996800,,,,,,,0.35765727719114837,0.4333475504497839,0.3895423061845078,,,
1634083200,,,,,,,0.3561157169529376,0.43215403327441826,0.3892286816389609,,,
1634169600,,,,,,,0.3546525319984142,0.4309065073487321,0.38883330777752684,,,
1634256000,,,,,,,0.3532924553215205,0.42959855826747984,0.3883852214988872,,,
1634342400,,,,,,,0.35202704247215816,0.4282407879887358,0.38789879008054057,,,
1634428800,,,,,,,0.3508541395262568,0.42684132659675367,0.3873759154033146,,,
1634515200,,,,,,,0.3497789131276698,0.4254090087961716,0.38684403949902696,,,
1634601600,,,,,,,0.34878625398830465,0.4239597205305864,0.3863394355245779,,,
1634688000,,,,,,,0.34789844154021865,0.4225166784353527,0.38590377142885607,,,
1634774400,,,,,,,0.34715172509090725,0.4211175960581433,0.38558823682569715,,,
1634860800,,,,,,,0.3469854061810684,0.4198835447743932,0.38567783352418766,,,
1634947200,,,,,,,0.3469445542830879,0.41865725348630384,0.38596731622730834,,,
1635033600,,,,,,,0.34692359751894086,0.4174449006660848,0.3863608505366849,,,
1635120000,,,,,,,0.346908819637603,0.4162471196854109,0.38680567607604754,,,
1635206400,,,,,,,0.3469059322394013,0.41506322023456477,0.3872746695057287,,,
1635292800,,,,,,,0.3469190063299482,0.4138930181534366,0.3877535891390488,,,
1635379200,,,,,,,0.3469519946284352,0.41273266382826873,0.3882355283229646,,,
1635465600,,,,,,,0.347011078825755,0.4115759131449768,0.38871795295592315,,,
1635552000,,,,,,,0.3471034879785743,0.4104174389932764,0.38920214826665306,,,
1635638400,,,,,,,0.34723712782817723,0.40925228954972154,0.38969327019258404,,,
1635724800,,,,,,,0.34741871214846776,0.4080764226891524,0.39019959302961815,,,
1635811200,,,,,,,0.3476523336684664,0.4068890886750895,0.39073110769667263,,,
1635897600,,,,,,,0.34794018270257243,0.4056905020427619,0.3912966137386749,,,
1635984000,,,,,,,0.34828091620000884,0.40448101820003884,0.3919016458111784,,,
