TS,DATE,NDVI RAW,NDVI filtered,NDVI clean,NDVI lowess
1515196800,2018-01-06,0.598,0.598,,
1515283200,2018-01-07,0.522,0.522,,
1515369600,2018-01-08,0.512,0.512,,
1515628800,2018-01-11,0.587,0.587,,
1515715200,2018-01-12,0.437,0.437,,
1515801600,2018-01-13,0.506,0.506,,
1516233600,2018-01-18,0.505,0.505,,
1516492800,2018-01-21,0.617,0.617,0.617,0.7139364257095748
1516579200,2018-01-22,0.489,0.489,,
1517011200,2018-01-27,0.648,0.648,0.648,0.704898752082599
1517097600,2018-01-28,0.486,0.486,,
1517184000,2018-01-29,0.651,0.651,0.651,0.7018376252220249
1517270400,2018-01-30,0.713,0.713,0.713,0.7002979136246343
1517443200,2018-02-01,0.68,0.68,0.68,0.6972002921711214
1517529600,2018-02-02,0.579,0.579,,
1517616000,2018-02-03,0.525,0.525,,
1517702400,2018-02-04,0.437,0.437,,
1517961600,2018-02-07,0.405,0.405,,
1518134400,2018-02-09,0.559,0.559,,
1518566400,2018-02-14,0.617,0.617,0.617,0.6764905769035584
1518739200,2018-02-16,0.377,0.377,0.377,0.6732192320271965
1519171200,2018-02-21,0.579,0.579,,
1519257600,2018-02-22,0.721,0.721,0.721,0.6632779113849943
1519776000,2018-02-28,0.65,0.65,0.65,0.6531572067007329
1519862400,2018-03-01,0.603,0.603,,
1519948800,2018-03-02,0.589,0.589,,
1520035200,2018-03-03,0.718,0.718,0.718,0.6480336284883291
1520121600,2018-03-04,0.555,0.555,,
1520208000,2018-03-05,0.486,0.486,,
1520294400,2018-03-06,0.488,0.488,,
1520380800,2018-03-07,0.668,0.668,0.668,0.641139891362003
1520726400,2018-03-11,0.594,0.594,,
1520812800,2018-03-12,0.605,0.605,,
1520899200,2018-03-13,0.548,0.548,,
1520985600,2018-03-14,0.695,0.695,0.695,0.6289100398868561
1521072000,2018-03-15,0.513,0.513,,
1521158400,2018-03-16,0.527,0.527,,
1521244800,2018-03-17,0.698,0.698,0.698,0.6236049826854326
1521331200,2018-03-18,0.467,0.467,,
1521417600,2018-03-19,0.604,0.604,,
1521504000,2018-03-20,0.568,0.568,,
1521590400,2018-03-21,0.612,0.612,,
1521676800,2018-03-22,0.503,0.503,,
1521763200,2018-03-23,0.471,0.471,,
1521936000,2018-03-25,0.657,0.657,0.657,0.6092622262988415
1522022400,2018-03-26,0.605,0.605,,
1522108800,2018-03-27,0.476,0.476,,
1522627200,2018-04-02,0.605,0.605,,
1522800000,2018-04-04,0.641,0.641,0.641,0.5908545332041679
1522886400,2018-04-05,0.484,0.484,,
1522972800,2018-04-06,0.589,0.589,,
1523059200,2018-04-07,0.515,0.515,,
1523145600,2018-04-08,0.457,0.457,,
1523491200,2018-04-12,0.463,0.463,,
1523577600,2018-04-13,0.456,0.456,,
1523750400,2018-04-15,0.615,0.615,0.615,0.5696872562922504
1523836800,2018-04-16,0.513,0.513,,
1523923200,2018-04-17,0.382,0.382,0.382,0.5656871753002974
1524009600,2018-04-18,0.503,0.503,,
1524096000,2018-04-19,0.36,0.36,0.36,0.5616262305004283
1524355200,2018-04-22,0.695,0.695,0.695,0.5554055782343097
1524441600,2018-04-23,0.527,0.527,,
1524528000,2018-04-24,0.636,0.636,0.636,0.5511617514501104
1524787200,2018-04-27,0.584,0.584,,
1524960000,2018-04-29,0.628,0.628,0.628,0.5401530331402686
1525046400,2018-04-30,0.449,0.449,,
1525219200,2018-05-02,0.412,0.412,,
1525305600,2018-05-03,0.367,0.367,0.367,0.5308684672937728
1525651200,2018-05-07,0.416,0.416,,
1525824000,2018-05-09,0.437,0.437,,
1525996800,2018-05-11,0.485,0.485,,
1526256000,2018-05-14,0.373,0.373,0.373,0.5047560964728395
1526342400,2018-05-15,0.471,0.471,,
1526428800,2018-05-16,0.504,0.504,,
1526515200,2018-05-17,0.58,0.58,,
1526601600,2018-05-18,0.471,0.471,,
1526774400,2018-05-20,0.474,0.474,,
1526860800,2018-05-21,0.46,0.46,,
1527033600,2018-05-23,0.444,0.444,,
1527120000,2018-05-24,0.57,0.57,,
1527292800,2018-05-26,0.431,0.431,,
1527379200,2018-05-27,0.424,0.424,,
1527638400,2018-05-30,0.439,0.439,,
1527724800,2018-05-31,0.609,0.609,,
1527897600,2018-06-02,0.564,0.564,,
1528070400,2018-06-04,0.537,0.537,,
1528243200,2018-06-06,0.384,0.384,0.384,0.4667392274461985
1528329600,2018-06-07,0.368,0.368,0.368,0.46435041389289944
1528416000,2018-06-08,0.407,0.407,,
1528502400,2018-06-09,0.542,0.542,,
1528588800,2018-06-10,0.426,0.426,,
1528848000,2018-06-13,0.413,0.413,,
1528934400,2018-06-14,0.528,0.528,,
1529020800,2018-06-15,0.522,0.522,,
1529107200,2018-06-16,0.523,0.523,,
1529193600,2018-06-17,0.417,0.417,,
1529280000,2018-06-18,0.571,0.571,,
1529366400,2018-06-19,0.513,0.513,,
1529452800,2018-06-20,0.403,0.403,,
1529625600,2018-06-22,0.477,0.477,,
1529712000,2018-06-23,0.533,0.533,,
1529798400,2018-06-24,0.498,0.498,,
1529884800,2018-06-25,0.658,0.658,0.658,0.4408306876306274
1529971200,2018-06-26,0.438,0.438,,
1530057600,2018-06-27,0.509,0.509,,
1530144000,2018-06-28,0.529,0.529,,
1530230400,2018-06-29,0.479,0.479,,
1530403200,2018-07-01,0.493,0.493,,
1530489600,2018-07-02,0.566,0.566,,
1530576000,2018-07-03,0.443,0.443,,
1530662400,2018-07-04,0.549,0.549,,
1530748800,2018-07-05,0.427,0.427,,
1530835200,2018-07-06,0.433,0.433,,
1530921600,2018-07-07,0.528,0.528,,
1531008000,2018-07-08,0.405,0.405,,
1531094400,2018-07-09,0.553,0.553,,
1531180800,2018-07-10,0.435,0.435,,
1531267200,2018-07-11,0.41,0.41,,
1531353600,2018-07-12,0.418,0.418,,
1531699200,2018-07-16,0.495,0.495,,
1531785600,2018-07-17,0.444,0.444,,
1531872000,2018-07-18,0.537,0.537,,
1531958400,2018-07-19,0.392,0.392,,
1532044800,2018-07-20,0.446,0.446,,
1532390400,2018-07-24,0.357,0.357,0.357,0.4097960883775116
1532476800,2018-07-25,0.431,0.431,,
1532563200,2018-07-26,0.372,0.372,0.372,0.40827020254383584
1532649600,2018-07-27,0.571,0.571,,
1532736000,2018-07-28,0.499,0.499,,
1532822400,2018-07-29,0.426,0.426,,
1532908800,2018-07-30,0.491,0.491,,
1532995200,2018-07-31,0.426,0.426,,
1533081600,2018-08-01,0.505,0.505,,
1533427200,2018-08-05,0.413,0.413,,
1533513600,2018-08-06,0.379,0.379,0.379,0.393644735341588
1533600000,2018-08-07,0.416,0.416,,
1533945600,2018-08-11,0.397,0.397,,
1534032000,2018-08-12,0.451,0.451,,
1534291200,2018-08-15,0.451,0.451,,
1534377600,2018-08-16,0.412,0.412,,
1534550400,2018-08-18,0.464,0.464,,
1534636800,2018-08-19,0.483,0.483,,
1534723200,2018-08-20,0.393,0.393,,
1534809600,2018-08-21,0.489,0.489,,
1534896000,2018-08-22,0.427,0.427,,
1535155200,2018-08-25,0.416,0.416,,
1535328000,2018-08-27,0.496,0.496,,
1535414400,2018-08-28,0.477,0.477,,
1535500800,2018-08-29,0.358,0.358,0.358,0.3804514099854728
1535587200,2018-08-30,0.4,0.4,,
1535673600,2018-08-31,0.394,0.394,,
1535760000,2018-09-01,0.366,0.366,0.366,0.38298882649970584
1535932800,2018-09-03,0.42,0.42,,
1536019200,2018-09-04,0.512,0.512,,
1536105600,2018-09-05,0.441,0.441,,
1536192000,2018-09-06,0.375,0.375,0.375,0.39178446949447715
1536278400,2018-09-07,0.395,0.395,,
1536364800,2018-09-08,0.457,0.457,,
1536537600,2018-09-10,0.453,0.453,,
1536624000,2018-09-11,0.532,0.532,,
1536710400,2018-09-12,0.441,0.441,,
1536883200,2018-09-14,0.435,0.435,,
1536969600,2018-09-15,0.481,0.481,,
1537056000,2018-09-16,0.424,0.424,,
1537142400,2018-09-17,0.413,0.413,,
1537401600,2018-09-20,0.527,0.527,,
1537488000,2018-09-21,0.383,0.383,0.383,0.41575422022131236
1537574400,2018-09-22,0.406,0.406,,
1537660800,2018-09-23,0.402,0.402,,
1537747200,2018-09-24,0.395,0.395,,
1537833600,2018-09-25,0.484,0.484,,
1537920000,2018-09-26,0.406,0.406,,
1538006400,2018-09-27,0.379,0.379,0.379,0.4248668291317963
1538092800,2018-09-28,0.49,0.49,,
1538179200,2018-09-29,0.466,0.466,,
1538265600,2018-09-30,0.36,0.36,0.36,0.42962129461569903
1538438400,2018-10-02,0.391,0.391,,
1538524800,2018-10-03,0.404,0.404,,
1538611200,2018-10-04,0.502,0.502,,
1538870400,2018-10-07,0.396,0.396,,
1539129600,2018-10-10,0.368,0.368,0.368,0.4513640505534294
1539216000,2018-10-11,0.388,0.388,,
1539734400,2018-10-17,0.354,0.354,0.354,0.4653320378010158
1540512000,2018-10-26,0.397,0.397,,
1540598400,2018-10-27,0.485,0.485,,
1540684800,2018-10-28,0.429,0.429,,
1540771200,2018-10-29,0.47,0.47,,
1540857600,2018-10-30,0.461,0.461,,
1540944000,2018-10-31,0.533,0.533,,
1541030400,2018-11-01,0.472,0.472,,
1541116800,2018-11-02,0.556,0.556,,
1541203200,2018-11-03,0.444,0.444,,
1541289600,2018-11-04,0.393,0.393,,
1541462400,2018-11-06,0.495,0.495,,
1541548800,2018-11-07,0.395,0.395,,
1541635200,2018-11-08,0.492,0.492,,
1541721600,2018-11-09,0.522,0.522,,
1541894400,2018-11-11,0.394,0.394,,
1542067200,2018-11-13,0.517,0.517,,
1542412800,2018-11-17,0.484,0.484,,
1542585600,2018-11-19,0.495,0.495,,
1543017600,2018-11-24,0.44,0.44,,
1543190400,2018-11-26,0.504,0.504,,
1543363200,2018-11-28,0.436,0.436,,
1543536000,2018-11-30,0.617,0.617,0.617,0.55990825151936
1543881600,2018-12-04,0.448,0.448,,
1544400000,2018-12-10,0.57,0.57,,
1544745600,2018-12-14,0.605,0.605,,
1544832000,2018-12-15,0.52,0.52,,
1545004800,2018-12-17,0.488,0.488,,
1545264000,2018-12-20,0.828,,,
1545350400,2018-12-21,0.39,0.39,,
1545523200,2018-12-23,0.704,0.704,0.704,0.6389943186215882
1545609600,2018-12-24,0.588,0.588,,
1545696000,2018-12-25,0.713,0.713,0.713,0.6450373951801984
1545782400,2018-12-26,0.639,0.639,0.639,0.6488736805839445
1546300800,2019-01-01,0.684,0.684,0.684,0.663315957656579
1546560000,2019-01-04,0.615,0.615,0.615,0.6686117949526399
1546992000,2019-01-09,0.641,0.641,0.641,0.673340978273122
1547078400,2019-01-10,0.741,0.741,0.741,0.6740751867602429
1547164800,2019-01-11,0.545,0.545,,
1547251200,2019-01-12,0.692,0.692,0.692,0.6754803293139297
1547337600,2019-01-13,0.398,0.398,,
1547510400,2019-01-15,0.666,0.666,0.666,0.6775723328194372
1547769600,2019-01-18,0.529,0.529,,
1548028800,2019-01-21,0.565,0.565,,
1548115200,2019-01-22,0.562,0.562,,
1548201600,2019-01-23,0.633,0.633,0.633,0.6828448438486348
1548288000,2019-01-24,0.704,0.704,0.704,0.6834564448952722
1548374400,2019-01-25,0.591,0.591,,
1548460800,2019-01-26,0.802,,,
1548547200,2019-01-27,0.425,0.425,,
1548806400,2019-01-30,0.622,0.622,0.622,0.6868503502155184
1548892800,2019-01-31,0.611,0.611,,
1549065600,2019-02-02,0.711,0.711,0.711,0.6884090210661313
1549152000,2019-02-03,0.662,0.662,0.662,0.6889237244125122
1549238400,2019-02-04,0.734,0.734,0.734,0.6887752979010238
1549324800,2019-02-05,0.598,0.598,,
1549584000,2019-02-08,0.561,0.561,,
1549670400,2019-02-09,0.606,0.606,,
1549843200,2019-02-11,0.53,0.53,,
1550016000,2019-02-13,0.737,0.737,0.737,0.6930696771057657
1550361600,2019-02-17,0.664,0.664,0.664,0.6926968776793356
1550534400,2019-02-19,0.568,0.568,,
1550707200,2019-02-21,0.597,0.597,,
1550793600,2019-02-22,0.606,0.606,,
1550880000,2019-02-23,0.597,0.597,,
1550966400,2019-02-24,0.581,0.581,,
1551052800,2019-02-25,0.43,0.43,,
1551139200,2019-02-26,0.557,0.557,,
1551225600,2019-02-27,0.445,0.445,,
1551657600,2019-03-04,0.44,0.44,,
1551744000,2019-03-05,0.607,0.607,,
1551916800,2019-03-07,0.748,0.748,0.748,0.6797653344680791
1552003200,2019-03-08,0.754,0.754,0.754,0.6791076079635225
1552089600,2019-03-09,0.605,0.605,,
1552176000,2019-03-10,0.516,0.516,,
1552348800,2019-03-12,0.569,0.569,,
1552608000,2019-03-15,0.566,0.566,,
1552780800,2019-03-17,0.484,0.484,,
1552867200,2019-03-18,0.369,0.369,0.369,0.674862368476918
1552953600,2019-03-19,0.709,0.709,0.709,0.6741928289777476
1553040000,2019-03-20,0.654,0.654,0.654,0.6736856073471622
1553126400,2019-03-21,0.572,0.572,,
1553558400,2019-03-26,0.367,0.367,0.367,0.6662429700501297
1553644800,2019-03-27,0.587,0.587,,
1553731200,2019-03-28,0.645,0.645,0.645,0.6637660112086896
1553904000,2019-03-30,0.375,0.375,0.375,0.6616000982427989
1554163200,2019-04-02,0.361,0.361,0.361,0.6573573706429242
1554249600,2019-04-03,0.622,0.622,0.622,0.6562033997498904
1554336000,2019-04-04,0.639,0.639,0.639,0.6549230772221312
1554681600,2019-04-08,0.61,0.61,,
1554768000,2019-04-09,0.663,0.663,0.663,0.6380690510753398
1554854400,2019-04-10,0.414,0.414,,
1554940800,2019-04-11,0.628,0.628,0.628,0.630176215423201
1555027200,2019-04-12,0.505,0.505,,
1555113600,2019-04-13,0.575,0.575,,
1555459200,2019-04-17,0.524,0.524,,
1555545600,2019-04-18,0.421,0.421,,
1555632000,2019-04-19,0.575,0.575,,
1555718400,2019-04-20,0.559,0.559,,
1555891200,2019-04-22,0.401,0.401,,
1556064000,2019-04-24,0.531,0.531,,
1556236800,2019-04-26,0.503,0.503,,
1556323200,2019-04-27,0.537,0.537,,
1556409600,2019-04-28,0.678,0.678,0.678,0.5680862726444138
1556496000,2019-04-29,0.497,0.497,,
1556582400,2019-04-30,0.4,0.4,,
1556668800,2019-05-01,0.5,0.5,,
1556841600,2019-05-03,0.48,0.48,,
1556928000,2019-05-04,0.704,0.704,0.704,0.5473144281187999
1557014400,2019-05-05,0.572,0.572,,
1557100800,2019-05-06,0.504,0.504,,
1557273600,2019-05-08,0.573,0.573,,
1557446400,2019-05-10,0.491,0.491,,
1557532800,2019-05-11,0.636,0.636,0.636,0.5260655858072226
1557619200,2019-05-12,0.574,0.574,,
1557705600,2019-05-13,0.591,0.591,,
1557792000,2019-05-14,0.62,0.62,0.62,0.5175867436659977
1557878400,2019-05-15,0.535,0.535,,
1557964800,2019-05-16,0.606,0.606,,
1558051200,2019-05-17,0.461,0.461,,
1558137600,2019-05-18,0.531,0.531,,
1558224000,2019-05-19,0.508,0.508,,
1558310400,2019-05-20,0.586,0.586,,
1558396800,2019-05-21,0.509,0.509,,
1558483200,2019-05-22,0.477,0.477,,
1558569600,2019-05-23,0.354,0.354,0.354,0.49186985834039176
1558828800,2019-05-26,0.49,0.49,,
1558915200,2019-05-27,0.585,0.585,,
1559001600,2019-05-28,0.36,0.36,0.36,0.4790797894268391
1559088000,2019-05-29,0.57,0.57,,
1559174400,2019-05-30,0.478,0.478,,
1559260800,2019-05-31,0.48,0.48,,
1559347200,2019-06-01,0.508,0.508,,
1559433600,2019-06-02,0.428,0.428,,
1559520000,2019-06-03,0.409,0.409,,
1559606400,2019-06-04,0.409,0.409,,
1559692800,2019-06-05,0.403,0.403,,
1559865600,2019-06-07,0.494,0.494,,
1560038400,2019-06-09,0.374,0.374,0.374,0.4472478355901653
1560124800,2019-06-10,0.538,0.538,,
1560211200,2019-06-11,0.459,0.459,,
1560297600,2019-06-12,0.367,0.367,0.367,0.4438869781667704
1560384000,2019-06-13,0.533,0.533,,
1560470400,2019-06-14,0.359,0.359,0.359,0.4420847550939586
1560556800,2019-06-15,0.449,0.449,,
1560643200,2019-06-16,0.448,0.448,,
1560729600,2019-06-17,0.461,0.461,,
1560816000,2019-06-18,0.486,0.486,,
1560902400,2019-06-19,0.594,0.594,,
1560988800,2019-06-20,0.417,0.417,,
1561248000,2019-06-23,0.477,0.477,,
1561334400,2019-06-24,0.541,0.541,,
1561420800,2019-06-25,0.503,0.503,,
1561507200,2019-06-26,0.529,0.529,,
1561593600,2019-06-27,0.431,0.431,,
1561680000,2019-06-28,0.504,0.504,,
1562025600,2019-07-02,0.485,0.485,,
1562112000,2019-07-03,0.458,0.458,,
1562198400,2019-07-04,0.461,0.461,,
1562284800,2019-07-05,0.408,0.408,,
1562371200,2019-07-06,0.358,0.358,0.358,0.4101679012383046
1562544000,2019-07-08,0.435,0.435,,
1562630400,2019-07-09,0.419,0.419,,
1562716800,2019-07-10,0.466,0.466,,
1562803200,2019-07-11,0.366,0.366,0.366,0.40611266991594447
1563062400,2019-07-14,0.596,0.596,,
1563235200,2019-07-16,0.475,0.475,,
1563321600,2019-07-17,0.391,0.391,,
1563494400,2019-07-19,0.409,0.409,,
1563753600,2019-07-22,0.385,0.385,0.385,0.3959672169536329
1563840000,2019-07-23,0.534,0.534,,
1563926400,2019-07-24,0.428,0.428,,
1564012800,2019-07-25,0.501,0.501,,
1564099200,2019-07-26,0.456,0.456,,
1564185600,2019-07-27,0.46,0.46,,
1564358400,2019-07-29,0.409,0.409,,
1564444800,2019-07-30,0.554,0.554,,
1564531200,2019-07-31,0.462,0.462,,
1564617600,2019-08-01,0.482,0.482,,
1564876800,2019-08-04,0.424,0.424,,
1565049600,2019-08-06,0.571,0.571,,
1565136000,2019-08-07,0.431,0.431,,
1565222400,2019-08-08,0.448,0.448,,
1565654400,2019-08-13,0.419,0.419,,
1565740800,2019-08-14,0.384,0.384,0.384,0.3921770820936536
1565913600,2019-08-16,0.401,0.401,,
1566172800,2019-08-19,0.424,0.424,,
1566259200,2019-08-20,0.419,0.419,,
1566345600,2019-08-21,0.464,0.464,,
1566432000,2019-08-22,0.55,0.55,,
1566518400,2019-08-23,0.401,0.401,,
1566604800,2019-08-24,0.398,0.398,,
1566777600,2019-08-26,0.434,0.434,,
1566864000,2019-08-27,0.373,0.373,0.373,0.3984018404210333
1566950400,2019-08-28,0.443,0.443,,
1567123200,2019-08-30,0.356,0.356,0.356,0.40168940713824725
1567209600,2019-08-31,0.413,0.413,,
1567296000,2019-09-01,0.441,0.441,,
1567382400,2019-09-02,0.496,0.496,,
1567468800,2019-09-03,0.426,0.426,,
1567555200,2019-09-04,0.379,0.379,0.379,0.4069662236625015
1567728000,2019-09-06,0.469,0.469,,
1567814400,2019-09-07,0.45,0.45,,
1567900800,2019-09-08,0.483,0.483,,
1567987200,2019-09-09,0.543,0.543,,
1568073600,2019-09-10,0.385,0.385,0.385,0.41339415841635474
1568160000,2019-09-11,0.467,0.467,,
1568332800,2019-09-13,0.399,0.399,,
1568592000,2019-09-16,0.407,0.407,,
1568678400,2019-09-17,0.478,0.478,,
1568764800,2019-09-18,0.48,0.48,,
1568851200,2019-09-19,0.396,0.396,,
1568937600,2019-09-20,0.411,0.411,,
1569110400,2019-09-22,0.408,0.408,,
1569196800,2019-09-23,0.556,0.556,,
1569283200,2019-09-24,0.42,0.42,,
1569369600,2019-09-25,0.538,0.538,,
1569456000,2019-09-26,0.478,0.478,,
1569542400,2019-09-27,0.462,0.462,,
1569628800,2019-09-28,0.454,0.454,,
1569715200,2019-09-29,0.472,0.472,,
1569888000,2019-10-01,0.391,0.391,,
1569974400,2019-10-02,0.627,0.627,0.627,0.4473669583550256
1570060800,2019-10-03,0.412,0.412,,
1570147200,2019-10-04,0.485,0.485,,
1570233600,2019-10-05,0.496,0.496,,
1570320000,2019-10-06,0.475,0.475,,
1570492800,2019-10-08,0.42,0.42,,
1570579200,2019-10-09,0.557,0.557,,
1570665600,2019-10-10,0.439,0.439,,
1570924800,2019-10-13,0.388,0.388,,
1571011200,2019-10-14,0.504,0.504,,
1571097600,2019-10-15,0.442,0.442,,
1571270400,2019-10-17,0.386,0.386,0.386,0.4727910305711352
1571443200,2019-10-19,0.361,0.361,0.361,0.47587690091620816
1571702400,2019-10-22,0.436,0.436,,
1571875200,2019-10-24,0.451,0.451,,
1571961600,2019-10-25,0.478,0.478,,
1572134400,2019-10-27,0.511,0.511,,
1572480000,2019-10-31,0.437,0.437,,
1572739200,2019-11-03,0.554,0.554,,
1572825600,2019-11-04,0.477,0.477,,
1572912000,2019-11-05,0.484,0.484,,
1572998400,2019-11-06,0.544,0.544,,
1573084800,2019-11-07,0.403,0.403,,
1573171200,2019-11-08,0.481,0.481,,
1573257600,2019-11-09,0.484,0.484,,
1573344000,2019-11-10,0.517,0.517,,
1573430400,2019-11-11,0.444,0.444,,
1573516800,2019-11-12,0.531,0.531,,
1573603200,2019-11-13,0.372,0.372,0.372,0.5177755661393137
1573689600,2019-11-14,0.414,0.414,,
1573862400,2019-11-16,0.462,0.462,,
1573948800,2019-11-17,0.574,0.574,,
1574035200,2019-11-18,0.48,0.48,,
1574121600,2019-11-19,0.657,0.657,0.657,0.5278773976085515
1574208000,2019-11-20,0.42,0.42,,
1574380800,2019-11-22,0.445,0.445,,
1574467200,2019-11-23,0.45,0.45,,
1574553600,2019-11-24,0.49,0.49,,
1574726400,2019-11-26,0.488,0.488,,
1574812800,2019-11-27,0.409,0.409,,
1574899200,2019-11-28,0.566,0.566,,
1574985600,2019-11-29,0.497,0.497,,
1575072000,2019-11-30,0.41,0.41,,
1575244800,2019-12-02,0.443,0.443,,
1575417600,2019-12-04,0.436,0.436,,
1575676800,2019-12-07,0.448,0.448,,
1575763200,2019-12-08,0.515,0.515,,
1576281600,2019-12-14,0.432,0.432,,
1576454400,2019-12-16,0.523,0.523,,
1576540800,2019-12-17,0.534,0.534,,
1576627200,2019-12-18,0.527,0.527,,
1576713600,2019-12-19,0.575,0.575,,
1576800000,2019-12-20,0.479,0.479,,
1576886400,2019-12-21,0.684,0.684,0.684,0.5874147247384388
1576972800,2019-12-22,0.508,0.508,,
1577059200,2019-12-23,0.419,0.419,,
1577145600,2019-12-24,0.481,0.481,,
1577664000,2019-12-30,0.486,0.486,,
1577750400,2019-12-31,0.481,0.481,,
1578096000,2020-01-04,0.408,0.408,,
1578268800,2020-01-06,0.722,0.722,0.722,0.6313629674714762
1578355200,2020-01-07,0.483,0.483,,
1578614400,2020-01-10,0.379,0.379,0.379,0.6443840216710098
1578700800,2020-01-11,0.555,0.555,,
1578960000,2020-01-14,0.597,0.597,,
1579046400,2020-01-15,0.662,0.662,0.662,0.6586672241196444
1579305600,2020-01-18,0.498,0.498,,
1579737600,2020-01-23,0.585,0.585,,
1579824000,2020-01-24,0.353,0.353,0.353,0.6715049093840252
1579910400,2020-01-25,0.59,0.59,,
1579996800,2020-01-26,0.538,0.538,,
1580083200,2020-01-27,0.389,0.389,,
1580169600,2020-01-28,0.505,0.505,,
1580256000,2020-01-29,0.492,0.492,,
1580342400,2020-01-30,0.562,0.562,,
1580428800,2020-01-31,0.366,0.366,0.366,0.6789282374992867
1580688000,2020-02-03,0.643,0.643,0.643,0.6798481507616608
1580774400,2020-02-04,0.408,0.408,,
1580860800,2020-02-05,0.688,0.688,0.688,0.6800973290481517
1580947200,2020-02-06,0.614,0.614,0.614,0.6802496912685233
1581552000,2020-02-13,0.598,0.598,,
1581724800,2020-02-15,0.572,0.572,,
1581811200,2020-02-16,0.705,0.705,0.705,0.6801425669961451
1581984000,2020-02-18,0.598,0.598,,
1582156800,2020-02-20,0.543,0.543,,
1582934400,2020-02-29,0.677,0.677,0.677,0.679111003995661
1583020800,2020-03-01,0.746,0.746,0.746,0.67909618377564
1583193600,2020-03-03,0.779,0.779,0.779,0.6788856846482483
1583280000,2020-03-04,0.635,0.635,0.635,0.6788986662239005
1583539200,2020-03-07,0.627,0.627,0.627,0.6790497688999345
1583625600,2020-03-08,0.723,0.723,0.723,0.6791289168890627
1583712000,2020-03-09,0.467,0.467,,
1583798400,2020-03-10,0.437,0.437,,
1583884800,2020-03-11,0.551,0.551,,
1583971200,2020-03-12,0.711,0.711,0.711,0.6785661717254138
1584316800,2020-03-16,0.727,0.727,0.727,0.6767606668138646
1584662400,2020-03-20,0.659,0.659,0.659,0.6753021980807551
1584835200,2020-03-22,0.63,0.63,0.63,0.6739166727503721
1584921600,2020-03-23,0.501,0.501,,
1585180800,2020-03-26,0.587,0.587,,
1585353600,2020-03-28,0.406,0.406,,
1585526400,2020-03-30,0.535,0.535,,
1585785600,2020-04-02,0.485,0.485,,
1585872000,2020-04-03,0.551,0.551,,
1586044800,2020-04-05,0.418,0.418,,
1586131200,2020-04-06,0.594,0.594,,
1586217600,2020-04-07,0.657,0.657,0.657,0.6542307825998069
1586649600,2020-04-12,0.562,0.562,,
1586736000,2020-04-13,0.642,0.642,0.642,0.6450288284183056
1586822400,2020-04-14,0.686,0.686,0.686,0.6435481500221252
1586908800,2020-04-15,0.631,0.631,0.631,0.6419079462914783
1587168000,2020-04-18,0.776,0.776,0.776,0.6368934818829916
1587254400,2020-04-19,0.59,0.59,,
1587340800,2020-04-20,0.66,0.66,0.66,0.6331193909717313
1587427200,2020-04-21,0.511,0.511,,
1587513600,2020-04-22,0.508,0.508,,
1587859200,2020-04-26,0.615,0.615,0.615,0.6203225532602116
1587945600,2020-04-27,0.353,0.353,0.353,0.6178795102535177
1588032000,2020-04-28,0.539,0.539,,
1588204800,2020-04-30,0.399,0.399,,
1588291200,2020-05-01,0.521,0.521,,
1588377600,2020-05-02,0.458,0.458,,
1588464000,2020-05-03,0.487,0.487,,
1588550400,2020-05-04,0.699,0.699,0.699,0.5973219273829109
1588809600,2020-05-07,0.519,0.519,,
1588896000,2020-05-08,0.535,0.535,,
1589068800,2020-05-10,0.5,0.5,,
1589155200,2020-05-11,0.629,0.629,0.629,0.5752814972095872
1589241600,2020-05-12,0.489,0.489,,
1589328000,2020-05-13,0.379,0.379,0.379,0.5688076349945282
1589414400,2020-05-14,0.47,0.47,,
1589587200,2020-05-16,0.53,0.53,,
1589673600,2020-05-17,0.514,0.514,,
1589760000,2020-05-18,0.452,0.452,,
1589846400,2020-05-19,0.452,0.452,,
1589932800,2020-05-20,0.461,0.461,,
1590019200,2020-05-21,0.434,0.434,,
1590105600,2020-05-22,0.43,0.43,,
1590278400,2020-05-24,0.549,0.549,,
1590451200,2020-05-26,0.515,0.515,,
1590537600,2020-05-27,0.608,0.608,,
1590624000,2020-05-28,0.507,0.507,,
1590710400,2020-05-29,0.376,0.376,0.376,0.523882363776797
1590796800,2020-05-30,0.435,0.435,,
1590883200,2020-05-31,0.572,0.572,,
1590969600,2020-06-01,0.494,0.494,,
1591142400,2020-06-03,0.403,0.403,,
1591228800,2020-06-04,0.473,0.473,,
1591315200,2020-06-05,0.605,0.605,,
1591401600,2020-06-06,0.434,0.434,,
1591488000,2020-06-07,0.514,0.514,,
1591574400,2020-06-08,0.474,0.474,,
1591660800,2020-06-09,0.485,0.485,,
1591747200,2020-06-10,0.506,0.506,,
1591833600,2020-06-11,0.476,0.476,,
1591920000,2020-06-12,0.52,0.52,,
1592006400,2020-06-13,0.483,0.483,,
1592092800,2020-06-14,0.611,0.611,,
1592265600,2020-06-16,0.49,0.49,,
1592352000,2020-06-17,0.434,0.434,,
1592438400,2020-06-18,0.41,0.41,,
1592697600,2020-06-21,0.394,0.394,,
1592784000,2020-06-22,0.436,0.436,,
1592870400,2020-06-23,0.513,0.513,,
1593043200,2020-06-25,0.54,0.54,,
1593129600,2020-06-26,0.547,0.547,,
1593648000,2020-07-02,0.414,0.414,,
1593734400,2020-07-03,0.557,0.557,,
1594252800,2020-07-09,0.59,0.59,,
1594598400,2020-07-13,0.382,0.382,0.382,0.4093755299198355
1594684800,2020-07-14,0.387,0.387,0.387,0.40575777457599227
1594771200,2020-07-15,0.442,0.442,,
1594857600,2020-07-16,0.604,0.604,,
1594944000,2020-07-17,0.406,0.406,,
1595030400,2020-07-18,0.512,0.512,,
1595116800,2020-07-19,0.48,0.48,,
1595203200,2020-07-20,0.357,0.357,0.357,0.3897224922806327
1595289600,2020-07-21,0.456,0.456,,
1595376000,2020-07-22,0.356,0.356,0.356,0.38381181376504564
1595462400,2020-07-23,0.352,0.352,0.352,0.3832204381586043
1595548800,2020-07-24,0.475,0.475,,
1595635200,2020-07-25,0.379,0.379,0.379,0.3821752122699171
1595721600,2020-07-26,0.404,0.404,,
1595808000,2020-07-27,0.422,0.422,,
1595980800,2020-07-29,0.363,0.363,0.363,0.38047414906099525
1596067200,2020-07-30,0.468,0.468,,
1596153600,2020-07-31,0.424,0.424,,
1596240000,2020-08-01,0.372,0.372,0.372,0.37941536814950566
1596326400,2020-08-02,0.425,0.425,,
1596412800,2020-08-03,0.592,0.592,,
1596758400,2020-08-07,0.41,0.41,,
1596844800,2020-08-08,0.416,0.416,,
1596931200,2020-08-09,0.468,0.468,,
1597104000,2020-08-11,0.461,0.461,,
1597190400,2020-08-12,0.515,0.515,,
1597363200,2020-08-14,0.358,0.358,0.358,0.37322292894729314
1597536000,2020-08-16,0.496,0.496,,
1597622400,2020-08-17,0.535,0.535,,
1597708800,2020-08-18,0.464,0.464,,
1597795200,2020-08-19,0.485,0.485,,
1597881600,2020-08-20,0.476,0.476,,
1597968000,2020-08-21,0.405,0.405,,
1598140800,2020-08-23,0.411,0.411,,
1598227200,2020-08-24,0.495,0.495,,
1598313600,2020-08-25,0.426,0.426,,
1598400000,2020-08-26,0.532,0.532,,
1598572800,2020-08-28,0.463,0.463,,
1598659200,2020-08-29,0.48,0.48,,
1598745600,2020-08-30,0.406,0.406,,
1598832000,2020-08-31,0.523,0.523,,
1598918400,2020-09-01,0.404,0.404,,
1599004800,2020-09-02,0.561,0.561,,
1599091200,2020-09-03,0.422,0.422,,
1599177600,2020-09-04,0.48,0.48,,
1599264000,2020-09-05,0.455,0.455,,
1599350400,2020-09-06,0.452,0.452,,
1599436800,2020-09-07,0.452,0.452,,
1599609600,2020-09-09,0.576,0.576,,
1599696000,2020-09-10,0.422,0.422,,
1599955200,2020-09-13,0.418,0.418,,
1600041600,2020-09-14,0.471,0.471,,
1600128000,2020-09-15,0.398,0.398,,
1600214400,2020-09-16,0.443,0.443,,
1600300800,2020-09-17,0.408,0.408,,
1600387200,2020-09-18,0.541,0.541,,
1600473600,2020-09-19,0.386,0.386,0.386,0.38219738000520487
1600560000,2020-09-20,0.366,0.366,0.366,0.3825685231352225
1600646400,2020-09-21,0.487,0.487,,
1600732800,2020-09-22,0.462,0.462,,
1600905600,2020-09-24,0.45,0.45,,
1600992000,2020-09-25,0.541,0.541,,
1601078400,2020-09-26,0.465,0.465,,
1601164800,2020-09-27,0.482,0.482,,
1601251200,2020-09-28,0.386,0.386,0.386,0.38485087640348414
1601337600,2020-09-29,0.389,0.389,,
1601510400,2020-10-01,0.36,0.36,0.36,0.38510743894953847
1601596800,2020-10-02,0.427,0.427,,
1601683200,2020-10-03,0.431,0.431,,
1601856000,2020-10-05,0.45,0.45,,
1601942400,2020-10-06,0.44,0.44,,
1602028800,2020-10-07,0.399,0.399,,
1602115200,2020-10-08,0.384,0.384,0.384,0.3889292576404125
1602201600,2020-10-09,0.437,0.437,,
1602374400,2020-10-11,0.608,0.608,,
1602460800,2020-10-12,0.438,0.438,,
1602547200,2020-10-13,0.432,0.432,,
1602633600,2020-10-14,0.353,0.353,0.353,0.40345461518262554
1602720000,2020-10-15,0.462,0.462,,
1602806400,2020-10-16,0.472,0.472,,
1602892800,2020-10-17,0.469,0.469,,
1602979200,2020-10-18,0.476,0.476,,
1603065600,2020-10-19,0.379,0.379,0.379,0.4181901792744609
1603152000,2020-10-20,0.486,0.486,,
1603238400,2020-10-21,0.38,0.38,0.38,0.4252604508084835
1603324800,2020-10-22,0.418,0.418,,
1603411200,2020-10-23,0.397,0.397,,
1603670400,2020-10-26,0.376,0.376,0.376,0.44089359457282956
1603756800,2020-10-27,0.506,0.506,,
1603843200,2020-10-28,0.406,0.406,,
1603929600,2020-10-29,0.393,0.393,,
1604016000,2020-10-30,0.368,0.368,0.368,0.4544441746392312
1604275200,2020-11-02,0.465,0.465,,
1604534400,2020-11-05,0.45,0.45,,
1604620800,2020-11-06,0.478,0.478,,
1604707200,2020-11-07,0.39,0.39,,
1604880000,2020-11-09,0.504,0.504,,
1604966400,2020-11-10,0.578,0.578,,
1605225600,2020-11-13,0.436,0.436,,
1605312000,2020-11-14,0.574,0.574,,
1605398400,2020-11-15,0.549,0.549,,
1605571200,2020-11-17,0.517,0.517,,
1605657600,2020-11-18,0.502,0.502,,
1605744000,2020-11-19,0.597,0.597,,
1605916800,2020-11-21,0.627,0.627,0.627,0.5282513543979863
1606003200,2020-11-22,0.544,0.544,,
1606089600,2020-11-23,0.611,0.611,,
1606176000,2020-11-24,0.525,0.525,,
1606262400,2020-11-25,0.565,0.565,,
1606435200,2020-11-27,0.578,0.578,,
1606608000,2020-11-29,0.564,0.564,,
1606694400,2020-11-30,0.371,0.371,0.371,0.5709261266034164
1606780800,2020-12-01,0.537,0.537,,
1606867200,2020-12-02,0.567,0.567,,
1606953600,2020-12-03,0.615,0.615,0.615,0.5900693645858431
1607040000,2020-12-04,0.592,0.592,,
1607385600,2020-12-08,0.385,0.385,0.385,0.616393728642666
1607558400,2020-12-10,0.626,0.626,0.626,0.6238109079738882
1607644800,2020-12-11,0.603,0.603,,
1607731200,2020-12-12,0.388,0.388,,
1608076800,2020-12-16,0.599,0.599,,
1608163200,2020-12-17,0.513,0.513,,
1608249600,2020-12-18,0.71,0.71,0.71,0.6544251790307455
1608336000,2020-12-19,0.662,0.662,0.662,0.6565484275624104
1608422400,2020-12-20,0.583,0.583,,
1608508800,2020-12-21,0.66,0.66,0.66,0.6596461155641162
1608595200,2020-12-22,0.657,0.657,0.657,0.6609616952149796
1608681600,2020-12-23,0.45,0.45,,
1608768000,2020-12-24,0.46,0.46,,
1608854400,2020-12-25,0.773,0.773,0.773,0.6650855568581826
1608940800,2020-12-26,0.664,0.664,0.664,0.6664384197271461
1609027200,2020-12-27,0.687,0.687,0.687,0.6677681185174583
1609113600,2020-12-28,0.675,0.675,0.675,0.6690614875567122
1609200000,2020-12-29,0.641,0.641,0.641,0.6703005936081322
1609286400,2020-12-30,0.731,0.731,0.731,0.6714629041935037
1609372800,2020-12-31,0.597,0.597,,
1609459200,2021-01-01,0.745,0.745,0.745,0.6734546690698852
1609632000,2021-01-03,0.618,0.618,0.618,0.6747925326032391
1609718400,2021-01-04,0.679,0.679,0.679,0.6752968630362465
1609804800,2021-01-05,0.593,0.593,,
1609891200,2021-01-06,0.514,0.514,,
1609977600,2021-01-07,0.566,0.566,,
1610064000,2021-01-08,0.747,0.747,0.747,0.6763986036430866
1610150400,2021-01-09,0.62,0.62,0.62,0.6770957387614096
1610236800,2021-01-10,0.618,0.618,0.618,0.6778355011842436
1610323200,2021-01-11,0.575,0.575,,
1610409600,2021-01-12,0.641,0.641,0.641,0.6784926266267142
1611187200,2021-01-21,0.603,0.603,,
1611273600,2021-01-22,0.683,0.683,0.683,0.6808392490966773
1611360000,2021-01-23,0.564,0.564,,
1611446400,2021-01-24,0.748,0.748,0.748,0.6808775803158801
1611532800,2021-01-25,0.64,0.64,0.64,0.6808094443810258
1611792000,2021-01-28,0.501,0.501,,
1612137600,2021-02-01,0.598,0.598,,
1612224000,2021-02-02,0.61,0.61,,
1612310400,2021-02-03,0.502,0.502,,
1612396800,2021-02-04,0.603,0.603,,
1612569600,2021-02-06,0.591,0.591,,
1612742400,2021-02-08,0.572,0.572,,
1612828800,2021-02-09,0.744,0.744,0.744,0.6825207392328787
1612915200,2021-02-10,0.618,0.618,0.618,0.6825239972885192
1613001600,2021-02-11,0.774,0.774,0.774,0.6825165834225275
1613088000,2021-02-12,0.668,0.668,0.668,0.6828458491843099
1613174400,2021-02-13,0.691,0.691,0.691,0.6827840371136238
1613260800,2021-02-14,0.696,0.696,0.696,0.6826888421293668
1613433600,2021-02-16,0.407,0.407,,
1613865600,2021-02-21,0.685,0.685,0.685,0.6810196620719862
1613952000,2021-02-22,0.627,0.627,0.627,0.6807744808031078
1614038400,2021-02-23,0.683,0.683,0.683,0.6802673542504268
1614124800,2021-02-24,0.665,0.665,0.665,0.6797323319550149
1614211200,2021-02-25,0.861,,,
1614297600,2021-02-26,0.576,0.576,,
1614384000,2021-02-27,0.686,0.686,0.686,0.6780144000209534
1614470400,2021-02-28,0.702,0.702,0.702,0.6774202118638284
1614729600,2021-03-03,0.353,0.353,0.353,0.6756156188224439
1614902400,2021-03-05,0.637,0.637,0.637,0.6744074022755616
1614988800,2021-03-06,0.708,0.708,0.708,0.6738035751056877
1615161600,2021-03-08,0.529,0.529,,
1615248000,2021-03-09,0.549,0.549,,
1615334400,2021-03-10,0.611,0.611,,
1615507200,2021-03-12,0.709,0.709,0.709,0.6693070273254884
1615593600,2021-03-13,0.641,0.641,0.641,0.6680163766339295
1615680000,2021-03-14,0.553,0.553,,
1615766400,2021-03-15,0.587,0.587,,
1615939200,2021-03-17,0.685,0.685,0.685,0.6605794245453445
1616112000,2021-03-19,0.555,0.555,,
1616284800,2021-03-21,0.546,0.546,,
1616630400,2021-03-25,0.578,0.578,,
1616803200,2021-03-27,0.63,0.63,0.63,0.6284922772989523
1616976000,2021-03-29,0.603,0.603,,
1617062400,2021-03-30,0.527,0.527,,
1617148800,2021-03-31,0.501,0.501,,
1617235200,2021-04-01,0.597,0.597,,
1617494400,2021-04-04,0.582,0.582,,
1617580800,2021-04-05,0.4,0.4,,
1617667200,2021-04-06,0.553,0.553,,
1617753600,2021-04-07,0.409,0.409,,
1617840000,2021-04-08,0.39,0.39,,
1617926400,2021-04-09,0.533,0.533,,
1618272000,2021-04-13,0.544,0.544,,
1618358400,2021-04-14,0.658,0.658,0.658,0.5529072590931603
1618444800,2021-04-15,0.482,0.482,,
1618531200,2021-04-16,0.506,0.506,,
1618617600,2021-04-17,0.559,0.559,,
1618704000,2021-04-18,0.448,0.448,,
1618876800,2021-04-20,0.477,0.477,,
1618963200,2021-04-21,0.595,0.595,,
1619049600,2021-04-22,0.512,0.512,,
1619136000,2021-04-23,0.559,0.559,,
1619222400,2021-04-24,0.442,0.442,,
1619308800,2021-04-25,0.488,0.488,,
1619481600,2021-04-27,0.433,0.433,,
1619568000,2021-04-28,0.538,0.538,,
1619654400,2021-04-29,0.419,0.419,,
1619740800,2021-04-30,0.561,0.561,,
1619827200,2021-05-01,0.486,0.486,,
1619913600,2021-05-02,0.51,0.51,,
1620000000,2021-05-03,0.458,0.458,,
1620086400,2021-05-04,0.471,0.471,,
1620172800,2021-05-05,0.466,0.466,,
1620259200,2021-05-06,0.405,0.405,,
1620345600,2021-05-07,0.581,0.581,,
1620432000,2021-05-08,0.457,0.457,,
1620604800,2021-05-10,0.425,0.425,,
1620691200,2021-05-11,0.486,0.486,,
1620777600,2021-05-12,0.469,0.469,,
1620864000,2021-05-13,0.36,0.36,0.36,0.4864754860986895
1620950400,2021-05-14,0.551,0.551,,
1621036800,2021-05-15,0.443,0.443,,
1621123200,2021-05-16,0.518,0.518,,
1621209600,2021-05-17,0.435,0.435,,
1621296000,2021-05-18,0.547,0.547,,
1621382400,2021-05-19,0.495,0.495,,
1621468800,2021-05-20,0.482,0.482,,
1621641600,2021-05-22,0.497,0.497,,
1621728000,2021-05-23,0.697,0.697,0.697,0.46851026609689095
1621900800,2021-05-25,0.52,0.52,,
1621987200,2021-05-26,0.427,0.427,,
1622073600,2021-05-27,0.445,0.445,,
1622160000,2021-05-28,0.518,0.518,,
1622246400,2021-05-29,0.367,0.367,0.367,0.4559575226874579
1622332800,2021-05-30,0.46,0.46,,
1622419200,2021-05-31,0.42,0.42,,
1622505600,2021-06-01,0.513,0.513,,
1622592000,2021-06-02,0.425,0.425,,
1622678400,2021-06-03,0.561,0.561,,
1622764800,2021-06-04,0.491,0.491,,
1622851200,2021-06-05,0.48,0.48,,
1622937600,2021-06-06,0.534,0.534,,
1623024000,2021-06-07,0.491,0.491,,
1623110400,2021-06-08,0.559,0.559,,
1623196800,2021-06-09,0.366,0.366,0.366,0.4375061437300881
1623283200,2021-06-10,0.473,0.473,,
1623369600,2021-06-11,0.389,0.389,,
1623456000,2021-06-12,0.424,0.424,,
1623542400,2021-06-13,0.457,0.457,,
1623628800,2021-06-14,0.378,0.378,0.378,0.4313624595818
1623715200,2021-06-15,0.543,0.543,,
1623801600,2021-06-16,0.413,0.413,,
1623888000,2021-06-17,0.572,0.572,,
1623974400,2021-06-18,0.398,0.398,,
1624060800,2021-06-19,0.409,0.409,,
1624147200,2021-06-20,0.454,0.454,,
1624233600,2021-06-21,0.48,0.48,,
1624406400,2021-06-23,0.462,0.462,,
1624492800,2021-06-24,0.52,0.52,,
1624579200,2021-06-25,0.463,0.463,,
1624665600,2021-06-26,0.434,0.434,,
1624752000,2021-06-27,0.417,0.417,,
1624838400,2021-06-28,0.476,0.476,,
1624924800,2021-06-29,0.485,0.485,,
1625011200,2021-06-30,0.474,0.474,,
1625097600,2021-07-01,0.488,0.488,,
1625184000,2021-07-02,0.406,0.406,,
1625270400,2021-07-03,0.393,0.393,,
1625443200,2021-07-05,0.45,0.45,,
1625529600,2021-07-06,0.528,0.528,,
1625702400,2021-07-08,0.498,0.498,,
1625961600,2021-07-11,0.377,0.377,0.377,0.38792109121371243
1626048000,2021-07-12,0.445,0.445,,
1626134400,2021-07-13,0.362,0.362,0.362,0.3870427085496859
1626220800,2021-07-14,0.377,0.377,0.377,0.38662310364136016
1626393600,2021-07-16,0.435,0.435,,
1626480000,2021-07-17,0.442,0.442,,
1626566400,2021-07-18,0.409,0.409,,
1626652800,2021-07-19,0.505,0.505,,
1626739200,2021-07-20,0.382,0.382,0.382,0.38304605683159054
1626825600,2021-07-21,0.529,0.529,,
1626998400,2021-07-23,0.399,0.399,,
1627171200,2021-07-25,0.399,0.399,,
1627257600,2021-07-26,0.464,0.464,,
1627689600,2021-07-31,0.465,0.465,,
1627776000,2021-08-01,0.42,0.42,,
1627862400,2021-08-02,0.513,0.513,,
1628035200,2021-08-04,0.457,0.457,,
1628121600,2021-08-05,0.37,0.37,0.37,0.3783753601853376
1628208000,2021-08-06,0.439,0.439,,
1628294400,2021-08-07,0.504,0.504,,
1628553600,2021-08-10,0.402,0.402,,
1628640000,2021-08-11,0.475,0.475,,
1628726400,2021-08-12,0.43,0.43,,
1628812800,2021-08-13,0.482,0.482,,
1628899200,2021-08-14,0.445,0.445,,
1628985600,2021-08-15,0.458,0.458,,
1629072000,2021-08-16,0.414,0.414,,
1629331200,2021-08-19,0.461,0.461,,
1629417600,2021-08-20,0.414,0.414,,
1629504000,2021-08-21,0.394,0.394,,
1629676800,2021-08-23,0.418,0.418,,
1629763200,2021-08-24,0.399,0.399,,
1629849600,2021-08-25,0.424,0.424,,
1629936000,2021-08-26,0.389,0.389,,
1630022400,2021-08-27,0.477,0.477,,
1630108800,2021-08-28,0.396,0.396,,
1630195200,2021-08-29,0.351,0.351,0.351,0.3741974055124888
1630281600,2021-08-30,0.443,0.443,,
1630368000,2021-08-31,0.396,0.396,,
1630454400,2021-09-01,0.449,0.449,,
1630540800,2021-09-02,0.402,0.402,,
1630627200,2021-09-03,0.477,0.477,,
1630713600,2021-09-04,0.412,0.412,,
1630886400,2021-09-06,0.38,0.38,0.38,0.3748096274930434
1631059200,2021-09-08,0.461,0.461,,
1631145600,2021-09-09,0.383,0.383,0.383,0.3753882292458413
1631318400,2021-09-11,0.458,0.458,,
1631491200,2021-09-13,0.382,0.382,0.382,0.3759118453833634
1631577600,2021-09-14,0.461,0.461,,
1631664000,2021-09-15,0.359,0.359,0.359,0.3762050014430594
1631750400,2021-09-16,0.47,0.47,,
1632009600,2021-09-19,0.507,0.507,,
1632096000,2021-09-20,0.39,0.39,,
1632182400,2021-09-21,0.471,0.471,,
1632528000,2021-09-25,0.473,0.473,,
1632614400,2021-09-26,0.464,0.464,,
1632700800,2021-09-27,0.414,0.414,,
1632873600,2021-09-29,0.462,0.462,,
1632960000,2021-09-30,0.559,0.559,,
1633046400,2021-10-01,0.411,0.411,,
1633305600,2021-10-04,0.446,0.446,,
1633392000,2021-10-05,0.454,0.454,,
1633478400,2021-10-06,0.402,0.402,,
1633564800,2021-10-07,0.488,0.488,,
1633651200,2021-10-08,0.418,0.418,,
1633737600,2021-10-09,0.436,0.436,,
1633824000,2021-10-10,0.474,0.474,,
1633910400,2021-10-11,0.402,0.402,,
1634083200,2021-10-13,0.364,0.364,0.364,0.3977154368058469
1634169600,2021-10-14,0.372,0.372,0.372,0.3986516612924264
1634256000,2021-10-15,0.383,0.383,0.383,0.3996251696026317
1634428800,2021-10-17,0.367,0.367,0.367,0.402727541500297
1634601600,2021-10-19,0.411,0.411,,
1634688000,2021-10-20,0.435,0.435,,
1634860800,2021-10-22,0.433,0.433,,
1634947200,2021-10-23,0.54,0.54,,
1635033600,2021-10-24,0.431,0.431,,
1635120000,2021-10-25,0.449,0.449,,
1635206400,2021-10-26,0.363,0.363,0.363,0.4146609323202166
1635292800,2021-10-27,0.381,0.381,0.381,0.41628552001413766
1635897600,2021-11-03,0.466,0.466,,
1635984000,2021-11-04,0.483,0.483,,
1636070400,2021-11-05,0.464,0.464,,
1636156800,2021-11-06,0.472,0.472,,
1636243200,2021-11-07,0.469,0.469,,
1636329600,2021-11-08,0.484,0.484,,
1636416000,2021-11-09,0.447,0.447,,
1636502400,2021-11-10,0.493,0.493,,
1636588800,2021-11-11,0.454,0.454,,
1636675200,2021-11-12,0.359,0.359,0.359,0.4571362725320666
1636761600,2021-11-13,0.453,0.453,,
1636848000,2021-11-14,0.391,0.391,,
1636934400,2021-11-15,0.555,0.555,,
1637020800,2021-11-16,0.438,0.438,,
1637539200,2021-11-22,0.47,0.47,,
1637625600,2021-11-23,0.415,0.415,,
1637712000,2021-11-24,0.523,0.523,,
1637884800,2021-11-26,0.576,0.576,,
1637971200,2021-11-27,0.367,0.367,0.367,0.48690776398716046
1638057600,2021-11-28,0.433,0.433,,
1638403200,2021-12-02,1.009,,,
1638748800,2021-12-06,0.397,0.397,,
1639180800,2021-12-11,0.414,0.414,,
1639440000,2021-12-14,0.439,0.439,,
1639872000,2021-12-19,0.482,0.482,,
1640476800,2021-12-26,0.686,0.686,0.686,0.5456252072367805
1640563200,2021-12-27,0.52,0.52,,
1640736000,2021-12-29,0.404,0.404,,
1641081600,2022-01-02,0.817,,,
1641427200,2022-01-06,0.592,0.592,,
1641513600,2022-01-07,0.573,0.573,,
1641600000,2022-01-08,0.54,0.54,,
1641686400,2022-01-09,0.612,0.612,,
1641772800,2022-01-10,0.474,0.474,,
1641859200,2022-01-11,0.657,0.657,0.657,0.5809073331615812
1642032000,2022-01-13,0.431,0.431,,
1642377600,2022-01-17,0.538,0.538,,
1642464000,2022-01-18,0.757,0.757,0.757,0.602598784979741
1642636800,2022-01-20,0.751,0.751,0.751,0.6099251107126097
1642723200,2022-01-21,0.536,0.536,,
1642809600,2022-01-22,0.594,0.594,,
1643068800,2022-01-25,0.613,0.613,0.613,0.6284333361745154
1643500800,2022-01-30,0.59,0.59,,
1643673600,2022-02-01,0.457,0.457,,
1643760000,2022-02-02,0.615,0.615,0.615,0.6393775373570717
1643846400,2022-02-03,0.757,0.757,0.757,0.6402528563024849
1644105600,2022-02-06,0.629,0.629,0.629,0.6432653911854683
1644192000,2022-02-07,0.52,0.52,,
1644278400,2022-02-08,0.626,0.626,0.626,0.6445742905456661
1644364800,2022-02-09,0.569,0.569,,
1644624000,2022-02-12,0.703,0.703,0.703,0.6466870198237874
1644710400,2022-02-13,0.568,0.568,,
1644969600,2022-02-16,0.63,0.63,0.63,0.6481268614818726
1645056000,2022-02-17,0.625,0.625,0.625,0.6483879323696082
1645142400,2022-02-18,0.57,0.57,,
1645574400,2022-02-23,0.633,0.633,0.633,0.6498769884852927
1645920000,2022-02-27,0.652,0.652,0.652,0.6511210322272345
1646006400,2022-02-28,0.573,0.573,,
1646092800,2022-03-01,0.532,0.532,,
1646179200,2022-03-02,0.653,0.653,0.653,0.6510521618466328
1646438400,2022-03-05,0.474,0.474,,
1646524800,2022-03-06,0.453,0.453,,
1646611200,2022-03-07,0.531,0.531,,
1646956800,2022-03-11,0.761,0.761,0.761,0.646983880644987
1647043200,2022-03-12,0.592,0.592,,
1647820800,2022-03-21,0.489,0.489,,
1647907200,2022-03-22,0.584,0.584,,
1648339200,2022-03-27,0.58,0.58,,
1648425600,2022-03-28,0.625,0.625,0.625,0.63457461215291
1648598400,2022-03-30,0.643,0.643,0.643,0.6331771380620843
1648684800,2022-03-31,0.565,0.565,,
1648771200,2022-04-01,0.52,0.52,,
1649030400,2022-04-04,0.602,0.602,,
1649289600,2022-04-07,0.466,0.466,,
1649462400,2022-04-09,0.476,0.476,,
1649548800,2022-04-10,0.597,0.597,,
1649635200,2022-04-11,0.494,0.494,,
1649721600,2022-04-12,0.653,0.653,0.653,0.6168991078250916
1649808000,2022-04-13,0.378,0.378,0.378,0.615910257228149
1649894400,2022-04-14,0.522,0.522,,
1649980800,2022-04-15,0.663,0.663,0.663,0.6138904558901606
1650067200,2022-04-16,0.485,0.485,,
1650240000,2022-04-18,0.44,0.44,,
1650326400,2022-04-19,0.462,0.462,,
1650412800,2022-04-20,0.545,0.545,,
1650499200,2022-04-21,0.591,0.591,,
1650585600,2022-04-22,0.557,0.557,,
1650672000,2022-04-23,0.456,0.456,,
1650844800,2022-04-25,0.414,0.414,,
1650931200,2022-04-26,0.55,0.55,,
1651017600,2022-04-27,0.501,0.501,,
1651104000,2022-04-28,0.475,0.475,,
1651190400,2022-04-29,0.39,0.39,,
1651276800,2022-04-30,0.449,0.449,,
1651449600,2022-05-02,0.483,0.483,,
1651536000,2022-05-03,0.435,0.435,,
1651708800,2022-05-05,0.502,0.502,,
1651881600,2022-05-07,0.503,0.503,,
1651968000,2022-05-08,0.55,0.55,,
1652140800,2022-05-10,0.665,0.665,0.665,0.5729026120201822
1652227200,2022-05-11,0.493,0.493,,
1652313600,2022-05-12,0.601,0.601,,
1652400000,2022-05-13,0.47,0.47,,
1652745600,2022-05-17,0.555,0.555,,
1652832000,2022-05-18,0.538,0.538,,
1652918400,2022-05-19,0.639,0.639,0.639,0.5490877086002769
1653004800,2022-05-20,0.452,0.452,,
1653177600,2022-05-22,0.495,0.495,,
1653350400,2022-05-24,0.545,0.545,,
1653436800,2022-05-25,0.507,0.507,,
1653523200,2022-05-26,0.584,0.584,,
1653609600,2022-05-27,0.449,0.449,,
1653696000,2022-05-28,0.361,0.361,0.361,0.5298401059648817
1653782400,2022-05-29,0.41,0.41,,
1653868800,2022-05-30,0.479,0.479,,
1653955200,2022-05-31,0.504,0.504,,
1654041600,2022-06-01,0.438,0.438,,
1654128000,2022-06-02,0.441,0.441,,
1654214400,2022-06-03,0.508,0.508,,
1654300800,2022-06-04,0.563,0.563,,
1654387200,2022-06-05,0.478,0.478,,
1654473600,2022-06-06,0.516,0.516,,
1654646400,2022-06-08,0.493,0.493,,
1654732800,2022-06-09,0.487,0.487,,
1654819200,2022-06-10,0.45,0.45,,
1654905600,2022-06-11,0.517,0.517,,
1655078400,2022-06-13,0.513,0.513,,
1655164800,2022-06-14,0.451,0.451,,
1655251200,2022-06-15,0.511,0.511,,
1655337600,2022-06-16,0.534,0.534,,
1655424000,2022-06-17,0.464,0.464,,
1655596800,2022-06-19,0.442,0.442,,
1655683200,2022-06-20,0.571,0.571,,
1655856000,2022-06-22,0.509,0.509,,
1655942400,2022-06-23,0.485,0.485,,
1656028800,2022-06-24,0.486,0.486,,
1656201600,2022-06-26,0.418,0.418,,
1656288000,2022-06-27,0.615,0.615,0.615,0.468414816826857
1656374400,2022-06-28,0.43,0.43,,
1656460800,2022-06-29,0.571,0.571,,
1656547200,2022-06-30,0.472,0.472,,
1656633600,2022-07-01,0.474,0.474,,
1656892800,2022-07-04,0.378,0.378,0.378,0.4537804413870494
1656979200,2022-07-05,0.498,0.498,,
1657152000,2022-07-07,0.427,0.427,,
1657238400,2022-07-08,0.543,0.543,,
1657584000,2022-07-12,0.438,0.438,,
1657756800,2022-07-14,0.418,0.418,,
1658016000,2022-07-17,0.502,0.502,,
1658102400,2022-07-18,0.51,0.51,,
1658188800,2022-07-19,0.486,0.486,,
1658275200,2022-07-20,0.444,0.444,,
1658361600,2022-07-21,0.365,0.365,0.365,0.4176578631972989
1658448000,2022-07-22,0.558,0.558,,
1658534400,2022-07-23,0.396,0.396,,
1658620800,2022-07-24,0.602,0.602,,
1658707200,2022-07-25,0.378,0.378,0.378,0.40905493109752605
1658793600,2022-07-26,0.467,0.467,,
1658880000,2022-07-27,0.422,0.422,,
1658966400,2022-07-28,0.477,0.477,,
1659052800,2022-07-29,0.549,0.549,,
1659139200,2022-07-30,0.399,0.399,,
1659225600,2022-07-31,0.44,0.44,,
1659398400,2022-08-02,0.413,0.413,,
1659484800,2022-08-03,0.524,0.524,,
1659571200,2022-08-04,0.366,0.366,0.366,0.38742163175968014
1659744000,2022-08-06,0.414,0.414,,
1659830400,2022-08-07,0.55,0.55,,
1659916800,2022-08-08,0.476,0.476,,
1660003200,2022-08-09,0.49,0.49,,
1660176000,2022-08-11,0.402,0.402,,
1660262400,2022-08-12,0.373,0.373,0.373,0.3700275228156539
1660435200,2022-08-14,0.375,0.375,0.375,0.36567203420432604
1660521600,2022-08-15,0.468,0.468,,
1660608000,2022-08-16,0.578,0.578,,
1660694400,2022-08-17,0.472,0.472,,
1660780800,2022-08-18,0.453,0.453,,
1660953600,2022-08-20,0.368,0.368,0.368,0.3525976420554398
1661040000,2022-08-21,0.368,0.368,0.368,0.3504180344132746
1661126400,2022-08-22,0.368,0.368,0.368,0.3482384088510222
1661212800,2022-08-23,0.431,0.431,,
1661299200,2022-08-24,0.477,0.477,,
